Stakeholder,Abbreviation,Type,Net Neutrality Stance,07-52 Ex Parte (Participations),09-191 Ex Parte (Participations),14-28 Ex Parte (Participations),17-108 Ex Parte (Participations),07-52 Written (Participations),09-191 Written (Participations),14-28 Written (Participations),17-108 Written (Participations),07-52 Ex Parte (Community),09-191 Ex Parte (Community),14-28 Ex Parte (Community),17-108 Ex Parte (Community),07-52 Written (Community),09-191 Written (Community),14-28 Written (Community),17-108 Written (Community)
Christopher S. Yoo,Christopher Yoo,Academic,Anti,0,0,1,0,0,1,1,2,,,,,,,,
"Glen O. Robinson, Former FCC Commissioner, Professor of Law Emeritus, University of Virginia",Glen Robinson,Academic,Anti,0,0,0,0,0,1,1,0,,,,,,,Conservative Astroturf Community,
"Jerry Ellig, Mercatus Center at George Mason University",Jerry Ellig,Academic,Anti,0,0,0,0,1,1,0,0,,,,,,,,
"Justin (Gus) Hurwitz, Professor of Law, University of Nebraska",Justin Hurwitz,Academic,Anti,0,0,1,1,0,0,5,1,,,,,,,Conservative Astroturf Community,
"Larry Downes, Georgetown Center for Business & Public Policy",Larry Downes,Academic,Anti,0,0,0,0,0,0,6,1,,,,,,,Conservative Astroturf Community,
"David D. Clark, MIT",David Clark,Academic,Neither,0,0,0,0,0,1,1,0,,,,,,,,
"Steve Bauer, MIT",Steve Bauer,Academic,Neither,0,0,0,0,0,1,1,0,,,,,,,,
"Barbara Cherry, Indiana University Bloomington",Barbara Cherry,Academic,Pro,0,0,1,0,0,3,2,2,,,,,,Legal Academics Community,,
"Barbara van Schewick, Stanford Law School",Barbara van Schewick,Academic,Pro,0,12,16,0,3,3,5,2,,,Pro-Net Neutrality Community,,Public Interest Community,Legal Academics Community,Academics Community,
"Brett Frischmann, Loyola University Chicago School of Law",Brett Frischmann,Academic,Pro,0,0,0,0,0,1,1,0,,,,,,Legal Academics Community,Academics Community,
"Catherine Sandoval, Santa Clara Law",Catherine Sandoval,Academic,Pro,0,0,0,0,0,1,2,1,,,,,,,,
"Clayton Lewis, University of Colorado Boulder",Clayton Lewis,Academic,Pro,0,0,0,0,0,0,1,2,,,,,,,Deaf & Hard of Hearing community,Deaf & Hard of Hearing community
"Jack Balkin, Yale Law School",Jack Balkin,Academic,Pro,0,0,0,0,1,1,1,0,,,,,Public Interest Community,,Academics Community,
"John Blevins, South Texas College of Law",John Blevins,Academic,Pro,1,0,0,0,1,0,1,0,Pro-Net Neutrality Community,,,,,,Academics Community,
"Jon Peha, Carnegie Mellon Univ.",Jon Peha,Academic,Pro,0,0,5,0,1,0,3,2,,,,,,,,
"Julien Mailland, Indiana University",Julien Mailland,Academic,Pro,0,0,1,0,0,0,1,1,,,,,,,,
"Lawrence Lessig, Harvard Law School",Lawrence Lessig,Academic,Pro,0,0,0,0,1,1,1,0,,,,,,Legal Academics Community,Academics Community,
"Nicholas Economides, Stern School of Business, New York University",Nicholas Economides,Academic,Pro,0,0,0,0,0,0,1,1,,,,,,,Academics Community,
"Olivier Sylvain, Fordham University School of Law",Olivier Sylvain,Academic,Pro,0,0,0,0,0,1,1,0,,,,,,Legal Academics Community,Academics Community,
"Scott Jordan, Computer Science, University of California, Irvine",Scott Jordan,Academic,Pro,0,5,0,2,0,2,0,1,,"Telecom, Tech & Public Interest Community",,,,,,
"Tim Wu, Columbia Law School",Tim Wu,Academic,Pro,2,0,1,0,0,3,1,0,Pro-Net Neutrality Community,,,,,Legal Academics Community,Academics Community,
ACS Solutions,,Business,Anti,0,0,0,0,0,1,2,0,,,,,,Open Community,Telecommunications Industry Community,
Actiontec,,Business,Anti,0,0,0,0,0,0,1,2,,,,,,,Telecommunications Industry Community,Network Equipment Manufacturers Community
ADC Telecommunications,ADC,Business,Anti,0,0,0,0,2,4,0,0,,,,,Network Equipment Manufacturers Community,Open Community,,
ADTRAN,,Business,Anti,0,4,0,0,0,4,6,3,,"Telecom, Tech & Public Interest Community",,,,Open Community,Telecommunications Industry Community,Network Equipment Manufacturers Community
Alamo Broadband,,Business,Anti,0,0,0,0,0,0,1,1,,,,,,,,
Alaska Communications,,Business,Anti,0,0,0,2,0,0,1,3,,,,,,,Telecommunications Industry Community,Republican representatives community
Alcatel-Lucent,,Business,Anti,1,9,1,0,1,6,3,0,Network Equipment Manufacturers Community,"Telecom, Tech & Public Interest Community",,,,Open Community,Telecommunications Industry Community,
ALSAT Wireless,,Business,Anti,0,0,0,0,0,0,1,1,,,,,,,Telecommunications Industry Community,Small WISPs Community
Alticast,,Business,Anti,0,0,0,0,0,0,1,1,,,,,,,Telecommunications Industry Community,Network Equipment Manufacturers Community
Amplex,,Business,Anti,0,0,0,1,1,0,2,1,,,,,,,Telecommunications Industry Community,Small WISPs Community
Argent Associates,Argent,Business,Anti,0,0,0,0,0,1,0,1,,,,,,Open Community,,Network Equipment Manufacturers Community
Aristotle.net,Aristotle,Business,Anti,0,0,0,0,0,0,1,1,,,,,,,Telecommunications Industry Community,Small WISPs Community
ARRIS,,Business,Anti,0,0,4,0,0,0,4,1,,,Network Equipment Manufacturers Community,,,,Telecommunications Industry Community,Network Equipment Manufacturers Community
AT&T,,Business,Anti,9,49,23,4,6,15,12,4,,"Telecom, Tech & Public Interest Community",Wireless & Mobile Industry Community,,,Open Community,Telecommunications Industry Community,
BEH Communications,,Business,Anti,0,0,0,0,0,0,1,1,,,,,,,Telecommunications Industry Community,Small WISPs Community
"BELD Broadband, Braintree, MA",BELD Broadband,Business,Anti,0,0,0,0,0,0,1,2,,,,,,,Small Municipal ISPs Community,Small Municipal ISPs Community
Berry Test Sets,,Business,Anti,0,0,0,0,1,2,1,0,,,,,Network Equipment Manufacturers Community,Open Community,Telecommunications Industry Community,
Blackfoot Telecommunications Group,Blackfoot,Business,Anti,0,0,1,1,0,0,0,2,,,,,,,,Republican representatives community
Blonder Tongue,,Business,Anti,0,0,0,0,0,0,2,2,,,,,,,Telecommunications Industry Community,Network Equipment Manufacturers Community
Bluegrass Cellular,Bluegrass,Business,Anti,0,0,1,0,0,1,0,1,,,Wireless & Mobile Industry Community,,,Open Community,,
Bright House Networks,Bright House,Business,Anti,1,0,2,0,0,3,3,0,Cable Industry Community,,Cable Industry Community,,,,Telecommunications Industry Community,
Broadband Corp.,,Business,Anti,0,0,0,0,0,0,1,1,,,,,,,Telecommunications Industry Community,Small WISPs Community
Brolly Communications,,Business,Anti,0,0,0,0,0,0,1,1,,,,,,,Telecommunications Industry Community,Small WISPs Community
BTECH,,Business,Anti,0,0,0,0,2,2,1,0,,,,,Network Equipment Manufacturers Community,Open Community,Telecommunications Industry Community,
Cablevision,,Business,Anti,1,1,6,0,0,0,1,0,Cable Industry Community,"Telecom, Tech & Public Interest Community",Cable Industry Community,,,,Telecommunications Industry Community,
Cape Ann Communications,CAC,Business,Anti,0,0,0,0,0,0,1,1,,,,,,,Telecommunications Industry Community,Small WISPs Community
CBM of America,CBMA,Business,Anti,0,0,0,0,1,2,1,1,,,,,Network Equipment Manufacturers Community,Open Community,Telecommunications Industry Community,Network Equipment Manufacturers Community
Cellcom,,Business,Anti,0,0,1,0,0,1,0,1,,,Wireless & Mobile Industry Community,,,Open Community,,
CenturyLink,,Business,Anti,0,8,4,4,0,3,4,1,,"Telecom, Tech & Public Interest Community",Cable Industry Community,,,,Telecommunications Industry Community,
Charter,,Business,Anti,2,1,10,2,0,3,2,2,Cable Industry Community,,Cable Industry Community,Big Cable ISPs Community,,,Telecommunications Industry Community,
Ciena,,Business,Anti,1,0,0,0,0,2,1,0,Network Equipment Manufacturers Community,,,,,Open Community,Telecommunications Industry Community,
Cisco,,Business,Anti,1,4,12,0,2,2,4,3,Network Equipment Manufacturers Community,"Telecom, Tech & Public Interest Community",Network Equipment Manufacturers Community,,,Open Community,Telecommunications Industry Community,Network Equipment Manufacturers Community
Comcast,,Business,Anti,1,13,13,4,14,3,6,3,Cable Industry Community,"Telecom, Tech & Public Interest Community",Cable Industry Community,Big Cable ISPs Community,,,Telecommunications Industry Community,
CommScope,,Business,Anti,0,0,0,0,0,2,2,1,,,,,,Open Community,Telecommunications Industry Community,Network Equipment Manufacturers Community
Condux International,Condux,Business,Anti,0,0,0,0,1,2,0,1,,,,,Network Equipment Manufacturers Community,Open Community,,Network Equipment Manufacturers Community
"Conway Corporation, Conway, AR",Conway Corp.,Business,Anti,0,0,0,0,0,0,1,1,,,,,,,Small Municipal ISPs Community,Small Municipal ISPs Community
Corning,,Business,Anti,0,3,0,0,0,2,1,1,,"Telecom, Tech & Public Interest Community",,,,Open Community,Telecommunications Industry Community,Network Equipment Manufacturers Community
Cox,,Business,Anti,3,6,8,1,0,1,3,2,Cable Industry Community,"Telecom, Tech & Public Interest Community",Cable Industry Community,,,,Telecommunications Industry Community,
Cybernet1,,Business,Anti,0,0,0,0,0,0,1,1,,,,,,,Telecommunications Industry Community,Small WISPs Community
EATEL,,Business,Anti,0,1,0,1,0,1,0,0,,"Telecom, Tech & Public Interest Community",,,,,,
Enhanced Telecommunications,,Business,Anti,0,0,0,0,2,2,1,0,,,,,Network Equipment Manufacturers Community,Open Community,Telecommunications Industry Community,
Ericsson,,Business,Anti,0,1,1,0,0,4,4,2,,"Telecom, Tech & Public Interest Community",,,,Open Community,Telecommunications Industry Community,Network Equipment Manufacturers Community
FiberControl,,Business,Anti,0,0,0,0,1,2,1,1,,,,,Network Equipment Manufacturers Community,Open Community,Telecommunications Industry Community,Network Equipment Manufacturers Community
Fourway Computer Products,Fourway,Business,Anti,0,0,0,0,0,0,1,1,,,,,,,Telecommunications Industry Community,Small WISPs Community
"Frankfort Plant Board, Frankfort, KY",FPB,Business,Anti,0,0,0,0,0,0,1,1,,,,,,,Small Municipal ISPs Community,Small Municipal ISPs Community
Frontier,,Business,Anti,2,5,2,0,1,1,2,1,,"Telecom, Tech & Public Interest Community",,,,,Telecommunications Industry Community,
GigaBeam Networks,GigaBeam,Business,Anti,0,0,0,0,0,0,1,1,,,,,,,Telecommunications Industry Community,Small WISPs Community
Go! Foton,Go!Foton,Business,Anti,0,0,0,0,1,2,1,1,,,,,Network Equipment Manufacturers Community,Open Community,Telecommunications Industry Community,Network Equipment Manufacturers Community
GVTC Communications,GVTC,Business,Anti,0,1,0,0,0,1,0,2,,"Telecom, Tech & Public Interest Community",,,,,,Republican representatives community
Hawaiian Telcom,,Business,Anti,0,0,0,0,0,0,1,2,,,,,,,Telecommunications Industry Community,Republican representatives community
Imagine Networks LLC,Imagine Networks,Business,Anti,0,0,0,0,0,0,1,1,,,,,,,Telecommunications Industry Community,Small WISPs Community
Independent Technologies,,Business,Anti,0,0,0,0,0,2,1,0,,,,,,Open Community,Telecommunications Industry Community,
Intel,,Business,Anti,0,3,6,0,0,0,3,0,,"Telecom, Tech & Public Interest Community",Network Equipment Manufacturers Community,,,,Telecommunications Industry Community,
Intelligent Computing Solutions,ICS,Business,Anti,0,0,0,0,0,0,1,1,,,,,,,Telecommunications Industry Community,Small WISPs Community
Internet Communications Inc.,,Business,Anti,0,0,0,0,0,0,1,1,,,,,,,Telecommunications Industry Community,Small WISPs Community
InvisiMax,,Business,Anti,0,0,0,1,0,1,1,0,,,,,,,Telecommunications Industry Community,
"Jackson Energy Authority, Jackson, TN",JEA,Business,Anti,0,1,1,0,0,1,1,0,,"Telecom, Tech & Public Interest Community",Cable Industry Community,,,,Small Municipal ISPs Community,
Juniper Networks,Juniper,Business,Anti,0,2,0,0,0,0,1,1,,"Telecom, Tech & Public Interest Community",,,,,Telecommunications Industry Community,Network Equipment Manufacturers Community
KGPCo,,Business,Anti,0,0,0,0,0,1,0,1,,,,,,Open Community,,Network Equipment Manufacturers Community
LARIAT,,Business,Anti,2,3,2,1,4,4,2,0,,,,,,,Telecommunications Industry Community,
"Laurens Municipal Power & Communications, Laurens, IA",LMPC,Business,Anti,0,0,0,0,0,0,1,1,,,,,,,Small Municipal ISPs Community,Small Municipal ISPs Community
Massillon Cable TV,MCTV,Business,Anti,0,0,1,0,0,0,1,1,,,Cable Industry Community,,,,Telecommunications Industry Community,
Mediacom,,Business,Anti,1,1,3,0,0,0,1,0,,"Telecom, Tech & Public Interest Community",Cable Industry Community,,,,Telecommunications Industry Community,
MetroTel Corp,MetroTel,Business,Anti,0,0,0,0,1,2,1,0,,,,,Network Equipment Manufacturers Community,Open Community,Telecommunications Industry Community,
MRV Communications,MRV,Business,Anti,0,0,0,0,2,2,0,0,,,,,Network Equipment Manufacturers Community,Open Community,,
"Murray Electric System, Murray, KY",MES,Business,Anti,0,0,0,0,0,0,1,2,,,,,,,Small Municipal ISPs Community,Small Municipal ISPs Community
"Muscatine Power & Water, Muscatine, IA",MPW,Business,Anti,0,0,0,0,0,0,1,1,,,,,,,Small Municipal ISPs Community,Small Municipal ISPs Community
National Exchange Carrier Association,NECA,Business,Anti,0,0,1,0,0,2,0,1,,,,,,,,
New Wave Net Corp.,,Business,Anti,0,0,0,0,0,0,1,1,,,,,,,Telecommunications Industry Community,Small WISPs Community
Nokia,,Business,Anti,0,0,2,0,0,2,3,2,,,,,,Open Community,Telecommunications Industry Community,Network Equipment Manufacturers Community
NTInet Inc.,NTInet,Business,Anti,0,0,0,0,0,0,1,1,,,,,,,Telecommunications Industry Community,Small WISPs Community
Optical Zonu Corp,Optical Zonu,Business,Anti,0,0,0,0,1,1,1,0,,,,,Network Equipment Manufacturers Community,Open Community,Telecommunications Industry Community,
Oregon Online,,Business,Anti,0,0,0,0,0,0,1,1,,,,,,,Telecommunications Industry Community,Small WISPs Community
Panasonic,,Business,Anti,0,0,0,0,0,0,2,1,,,,,,,Telecommunications Industry Community,Network Equipment Manufacturers Community
PECO II,,Business,Anti,0,0,0,0,2,2,0,0,,,,,Network Equipment Manufacturers Community,Open Community,,
PennWisp,,Business,Anti,0,0,0,0,0,0,1,1,,,,,,,Telecommunications Industry Community,Small WISPs Community
Portative Technologies,,Business,Anti,0,0,0,0,0,0,1,1,,,,,,,Telecommunications Industry Community,Small WISPs Community
Preformed Line Products,PLP,Business,Anti,0,0,0,0,1,0,1,0,,,,,Network Equipment Manufacturers Community,,Telecommunications Industry Community,
Prysmian Communications Cables & Systems,Prysmian,Business,Anti,0,0,0,0,1,2,1,1,,,,,Network Equipment Manufacturers Community,Open Community,Telecommunications Industry Community,Network Equipment Manufacturers Community
Qualcomm,,Business,Anti,0,2,0,0,0,4,2,2,,,,,,Open Community,Telecommunications Industry Community,Network Equipment Manufacturers Community
Qwest,,Business,Anti,2,9,0,0,3,5,0,0,Mid-Size ISPs Community,"Telecom, Tech & Public Interest Community",,,,Open Community,,
QXC Communications,QXC,Business,Anti,0,0,0,0,0,0,1,1,,,,,,,Telecommunications Industry Community,Small WISPs Community
"San Bruno Municipal Cable TV, San Bruno, CA",San Bruno Municipal Cable TV,Business,Anti,0,0,0,0,0,0,1,1,,,,,,,Small Municipal ISPs Community,Small Municipal ISPs Community
Sandvine,,Business,Anti,0,0,0,0,0,2,3,1,,,,,,,Telecommunications Industry Community,
"Scottsboro Electric Power Board, Scottsboro, AL",Scottsboro Electric Power Board,Business,Anti,0,0,0,0,0,0,1,2,,,,,,,Small Municipal ISPs Community,Small Municipal ISPs Community
Shentel,,Business,Anti,0,0,1,0,0,0,2,2,,,Cable Industry Community,,,,Telecommunications Industry Community,Republican representatives community
Sheyenne Dakota,SDI,Business,Anti,0,0,0,0,1,2,1,0,,,,,Network Equipment Manufacturers Community,Open Community,Telecommunications Industry Community,
"Shrewsbury Electric & Cable Operations, Shrewsbury, MA",SELCO,Business,Anti,0,0,0,0,0,0,1,1,,,,,,,Small Municipal ISPs Community,Small Municipal ISPs Community
Snappy Internet & Telecom,,Business,Anti,0,0,0,0,0,0,1,1,,,,,,,Telecommunications Industry Community,Small WISPs Community
SNC Manufacturing,SNC,Business,Anti,0,0,0,0,1,2,1,1,,,,,Network Equipment Manufacturers Community,Open Community,Telecommunications Industry Community,Network Equipment Manufacturers Community
"Spencer Municipal Utilities, Spencer, IA",SMU,Business,Anti,0,0,0,0,0,0,1,2,,,,,,,Small Municipal ISPs Community,Small Municipal ISPs Community
Sprint,,Business,Anti,0,2,2,0,1,4,0,1,,"Telecom, Tech & Public Interest Community",Wireless & Mobile Industry Community,,,Open Community,,
Suddenlink,,Business,Anti,2,0,3,0,0,0,2,0,Cable Industry Community,,Cable Industry Community,,,,Telecommunications Industry Community,
Sumitomo Electric Lightwave,SEL,Business,Anti,0,0,0,0,1,0,2,0,,,,,Network Equipment Manufacturers Community,,Telecommunications Industry Community,
Sunrise Telecom,,Business,Anti,0,0,0,0,2,1,0,0,,,,,Network Equipment Manufacturers Community,Open Community,,
T-Mobile,,Business,Anti,0,13,5,0,1,7,3,1,,"Telecom, Tech & Public Interest Community",Wireless & Mobile Industry Community,,,Open Community,,
Telesync,,Business,Anti,0,0,0,0,1,1,0,0,,,,,Network Equipment Manufacturers Community,Open Community,,
Time Warner Cable,,Business,Anti,2,8,2,0,2,6,3,0,Cable Industry Community,"Telecom, Tech & Public Interest Community",Cable Industry Community,,,Open Community,Telecommunications Industry Community,
Tnet Broadband Internet,,Business,Anti,0,0,0,0,0,0,1,1,,,,,,,Telecommunications Industry Community,Small WISPs Community
"Tullahoma Utilities Board, Tullahoma, TN",TUA,Business,Anti,0,0,0,0,0,0,1,1,,,,,,,Small Municipal ISPs Community,Small Municipal ISPs Community
United States Cellular,UScellular,Business,Anti,0,1,2,0,0,1,0,0,,"Telecom, Tech & Public Interest Community",Wireless & Mobile Industry Community,,,Open Community,,
Verizon,,Business,Anti,2,42,14,4,7,12,20,4,,"Telecom, Tech & Public Interest Community",Wireless & Mobile Industry Community,,,Open Community,Telecommunications Industry Community,
Verizon Wireless,,Business,Anti,0,1,0,0,0,5,3,0,,"Telecom, Tech & Public Interest Community",,,,Open Community,Telecommunications Industry Community,
Vermeer Corporation,Vermeer,Business,Anti,0,0,0,0,0,0,2,1,,,,,,,Telecommunications Industry Community,Network Equipment Manufacturers Community
Walker & Associates,,Business,Anti,0,0,0,0,0,0,2,1,,,,,,,Telecommunications Industry Community,Network Equipment Manufacturers Community
Washington Broadband,WA Broadband,Business,Anti,0,0,0,0,0,0,1,1,,,,,,,Telecommunications Industry Community,Small WISPs Community
Wave Wireless,,Business,Anti,0,0,0,0,0,0,2,1,,,,,,,Telecommunications Industry Community,Small WISPs Community
Windstream,,Business,Anti,3,6,0,0,0,1,0,0,Mid-Size ISPs Community,"Telecom, Tech & Public Interest Community",,,,,,
"Wyandotte Municipal Services, Wyandotte, MI",WMS,Business,Anti,0,0,0,0,0,0,1,2,,,,,,,Small Municipal ISPs Community,Small Municipal ISPs Community
Wyoming.com,,Business,Anti,0,0,0,0,0,0,1,1,,,,,,,Telecommunications Industry Community,Small WISPs Community
Akamai,,Business,Neither,0,0,8,6,1,3,4,3,,,,,,,,
Disney,,Business,Neither,0,11,2,0,0,0,1,0,,Media Community,Pro-Net Neutrality Community,,,,,
GlobalVision,,Business,Neither,0,0,0,0,0,0,1,1,,,,,,,Pro-Net Neutrality Community,Public Interest Community
Interisle Consulting,Interisle,Business,Neither,0,0,0,0,0,0,1,1,,,,,,,,
NBCUniversal,,Business,Neither,1,1,2,0,3,0,0,0,,Media Community,Pro-Net Neutrality Community,,,,,
Sony,,Business,Neither,0,2,0,0,1,4,0,0,,,,,,Open Community,,
Time Warner,,Business,Neither,1,3,2,0,1,0,1,0,Cable Industry Community,Media Community,Pro-Net Neutrality Community,,,,,
Viacom,,Business,Neither,0,1,2,0,0,0,1,0,,Media Community,Pro-Net Neutrality Community,,,,,
Wilco Electronic Systems,Wilco,Business,Neither,0,1,1,0,0,0,0,0,,Conservative Astroturf Community,Pro-Net Neutrality Community,,,,,
ADT,,Business,Pro,0,0,2,2,0,0,1,3,,,,,,,,
Amazon,,Business,Pro,1,9,1,2,0,4,1,3,Pro-Net Neutrality Community,"Telecom, Tech & Public Interest Community",Pro-Net Neutrality Community,,,Open Community,Pro-Net Neutrality Community,Internet-Based Tech Companies Community
AOL,,Business,Pro,0,0,5,0,0,1,1,0,,,Pro-Net Neutrality Community,,,,,
BitTorrent,,Business,Pro,0,0,0,0,1,0,1,0,,,,,,,Pro-Net Neutrality Community,
Cbeyond,,Business,Pro,0,0,0,0,0,1,1,0,,,,,,Open Community,Pro-Net Neutrality Community,
Cogent,,Business,Pro,0,0,10,0,0,0,6,2,,,Pro-Net Neutrality Community,,,,Pro-Net Neutrality Community,
Columbia Telecommunications Corporation,CTC,Business,Pro,0,1,0,0,0,1,1,0,,"Telecom, Tech & Public Interest Community",,,,Open Community,Pro-Net Neutrality Community,
COMPTEL,,Business,Pro,0,0,8,8,0,2,7,5,,,Pro-Net Neutrality Community,,,,Pro-Net Neutrality Community,
Daily Kos,,Business,Pro,0,0,2,0,0,1,2,1,,,Pro-Net Neutrality Community,,,Open Community,Pro-Net Neutrality Community,
Data Foundry,,Business,Pro,3,4,2,0,2,2,1,3,,Media Community,,,,Open Community,,Public Interest Community
Digg,,Business,Pro,0,0,0,0,0,1,1,0,,,,,,Open Community,Pro-Net Neutrality Community,
DISH Network,DISH,Business,Pro,0,17,2,0,0,6,0,0,,"Telecom, Tech & Public Interest Community",Pro-Net Neutrality Community,,,Open Community,,
Dropbox,,Business,Pro,0,0,0,0,0,0,3,2,,,,,,,Pro-Net Neutrality Community,Internet-Based Tech Companies Community
EarthLink,,Business,Pro,0,0,0,0,1,1,0,0,,,,,,Open Community,,
eBay,,Business,Pro,1,0,0,0,0,2,2,2,Pro-Net Neutrality Community,,,,,Open Community,Pro-Net Neutrality Community,Internet-Based Tech Companies Community
Etsy,,Business,Pro,0,0,8,0,0,0,2,3,,,Pro-Net Neutrality Community,,,,Pro-Net Neutrality Community,Internet-Based Tech Companies Community
Expedia,,Business,Pro,0,0,0,0,0,1,0,2,,,,,,Open Community,,Internet-Based Tech Companies Community
Facebook,,Business,Pro,0,0,2,0,0,1,1,2,,,Pro-Net Neutrality Community,,,Open Community,Pro-Net Neutrality Community,Internet-Based Tech Companies Community
Floor64,,Business,Pro,0,0,0,0,0,0,1,1,,,,,,,Pro-Net Neutrality Community,
Giganews,,Business,Pro,0,0,1,0,0,0,1,2,,,,,,,,Public Interest Community
Golden Frog GmbH,Golden Frog,Business,Pro,0,0,2,0,0,0,3,3,,,,,,,,Public Interest Community
Google,,Business,Pro,3,23,5,0,1,6,2,2,Pro-Net Neutrality Community,"Telecom, Tech & Public Interest Community",Pro-Net Neutrality Community,,,Open Community,Pro-Net Neutrality Community,Internet-Based Tech Companies Community
IAC,,Business,Pro,1,1,0,0,0,2,0,2,Pro-Net Neutrality Community,"Telecom, Tech & Public Interest Community",,,,Open Community,,Internet-Based Tech Companies Community
Iguana Films,,Business,Pro,0,0,0,0,0,0,2,1,,,,,,,Pro-Net Neutrality Community,Public Interest Community
Latino Rebels,,Business,Pro,0,0,0,0,0,0,4,2,,,,,,,Pro-Net Neutrality Community,Public Interest Community
Level 3,,Business,Pro,0,7,16,0,0,1,5,3,,,Pro-Net Neutrality Community,,,,Pro-Net Neutrality Community,
Line Break Media,Line Break,Business,Pro,0,0,0,0,0,0,1,2,,,,,,,Pro-Net Neutrality Community,Public Interest Community
LinkedIn,,Business,Pro,0,0,0,0,0,1,1,2,,,,,,Open Community,Pro-Net Neutrality Community,Internet-Based Tech Companies Community
Lyft,,Business,Pro,0,0,0,0,0,0,1,2,,,,,,,Pro-Net Neutrality Community,Internet-Based Tech Companies Community
Meetup,,Business,Pro,0,0,3,0,0,1,3,1,,,Pro-Net Neutrality Community,,,Open Community,Pro-Net Neutrality Community,
Microsoft,,Business,Pro,0,1,5,0,0,2,2,3,,,Pro-Net Neutrality Community,,,Open Community,Pro-Net Neutrality Community,Internet-Based Tech Companies Community
Netflix,,Business,Pro,0,3,17,0,0,5,5,4,,,Pro-Net Neutrality Community,,,Open Community,Pro-Net Neutrality Community,Internet-Based Tech Companies Community
OpenDNS,,Business,Pro,0,0,0,0,0,1,1,0,,,,,,Open Community,Pro-Net Neutrality Community,
Reddit,,Business,Pro,0,0,1,0,0,0,4,2,,,Pro-Net Neutrality Community,,,,Pro-Net Neutrality Community,Internet-Based Tech Companies Community
Skype,,Business,Pro,2,22,0,0,0,6,0,0,Pro-Net Neutrality Community,"Telecom, Tech & Public Interest Community",,,,Open Community,,
Sonic,,Business,Pro,0,0,0,0,0,0,1,1,,,,,,,Pro-Net Neutrality Community,Public Interest Community
The Nation,,Business,Pro,0,0,0,0,0,1,1,0,,,,,,Open Community,Pro-Net Neutrality Community,
Twilio,,Business,Pro,0,0,0,0,0,0,2,2,,,,,,,Pro-Net Neutrality Community,
Twitter,,Business,Pro,0,0,0,0,0,1,1,2,,,,,,Open Community,Pro-Net Neutrality Community,Internet-Based Tech Companies Community
Union Square Ventures,USV,Business,Pro,0,0,7,0,0,1,1,0,,,Pro-Net Neutrality Community,,,,,
Vimeo,,Business,Pro,0,0,2,0,0,0,5,1,,,Pro-Net Neutrality Community,,,,Pro-Net Neutrality Community,
Vonage,,Business,Pro,0,0,4,0,2,7,5,0,,,,,,,Pro-Net Neutrality Community,
Vuze,,Business,Pro,7,0,0,0,5,1,0,0,,,,,,Open Community,,
Y Combinator,YC,Business,Pro,0,0,1,0,0,0,1,1,,,,,,,,
Yahoo,,Business,Pro,0,0,3,0,0,1,1,0,,,Pro-Net Neutrality Community,,,,Pro-Net Neutrality Community,
Yelp,,Business,Pro,0,0,1,0,0,0,1,2,,,Pro-Net Neutrality Community,,,,Pro-Net Neutrality Community,Internet-Based Tech Companies Community
Zynga,,Business,Pro,0,0,0,0,0,1,1,2,,,,,,Open Community,Pro-Net Neutrality Community,Internet-Based Tech Companies Community
US Rep. Adam Kinzinger,Rep. Kinzinger,Government,Anti,0,0,0,0,0,0,1,1,,,,,,,Republican representatives community I,Republican representatives community
US Rep. Bill Johnson,Rep. Johnson,Government,Anti,0,0,0,0,0,0,1,1,,,,,,,Republican representatives community I,Republican representatives community
US Rep. Billy Long,Rep. Long,Government,Anti,0,0,0,0,0,0,1,1,,,,,,,Republican representatives community I,Republican representatives community
US Rep. Blake Farenthold,Rep. Farenthold,Government,Anti,0,0,0,0,0,0,1,1,,,,,,,Republican representatives community II,Republican representatives community
US Rep. Bob Goodlatte,Rep. Goodlatte,Government,Anti,0,0,0,0,0,0,2,1,,,,,,,Republican representatives community II,Republican representatives community
US Rep. Bob Latta,Rep. Latta,Government,Anti,0,0,0,0,0,0,2,1,,,,,,,Republican representatives community I,Republican representatives community
US Rep. Brett Guthrie,Rep. Guthrie,Government,Anti,0,0,0,0,0,0,1,1,,,,,,,Republican representatives community I,Republican representatives community
US Rep. Cathy McMorris Rodgers,Rep. Rodgers,Government,Anti,0,0,0,0,0,0,2,1,,,,,,,Republican representatives community I,Republican representatives community
US Rep. David McKinley,Rep. McKinley,Government,Anti,0,0,0,0,0,0,1,1,,,,,,,Republican representatives community I,Republican representatives community
US Rep. Doug Collins,Rep. Collins,Government,Anti,0,0,0,0,0,0,1,1,,,,,,,Republican representatives community II,Republican representatives community
US Rep. Ed Whitfield,Rep. Whitfield,Government,Anti,0,0,0,0,0,1,1,0,,,,,,Republican Representatives Community,Republican representatives community I,
US Rep. Fred Upton,Rep. Upton,Government,Anti,0,0,0,0,0,2,3,1,,,,,,Republican Representatives Community,Republican representatives community I,Republican representatives community
US Rep. Greg Walden,Rep. Walden,Government,Anti,0,0,0,0,0,2,3,1,,,,,,Republican Representatives Community,Republican representatives community I,Republican representatives community
US Rep. Gregg Harper,Rep. Harper,Government,Anti,0,0,0,0,0,0,1,1,,,,,,,Republican representatives community I,Republican representatives community
US Rep. Gus Bilirakis,Rep. Bilirakis,Government,Anti,0,0,0,0,0,0,1,1,,,,,,,Republican representatives community I,Republican representatives community
US Rep. Joe Barton,Rep. Barton,Government,Anti,0,0,0,0,0,2,1,1,,,,,,,Republican representatives community I,Republican representatives community
US Rep. John Ratcliffe,Rep. Ratcliffe,Government,Anti,0,0,0,0,0,0,1,1,,,,,,,Republican representatives community II,Republican representatives community
US Rep. John Shimkus,Rep. Shimkus,Government,Anti,0,0,0,0,0,1,1,1,,,,,,Republican Representatives Community,Republican representatives community I,Republican representatives community
US Rep. Joseph R. Pitts,Rep. Pitts,Government,Anti,0,0,0,0,0,1,1,0,,,,,,,Republican representatives community I,
US Rep. Ken Buck,Rep. Buck,Government,Anti,0,0,0,0,0,0,1,1,,,,,,,Republican representatives community II,Republican representatives community
US Rep. Lamar Smith,Rep. Smith,Government,Anti,0,0,0,0,0,0,1,1,,,,,,,Republican representatives community II,Republican representatives community
US Rep. Lee Terry,Rep. Terry,Government,Anti,0,0,0,0,0,2,1,0,,,,,,Republican Representatives Community,Republican representatives community I,
US Rep. Leonard Lance,Rep. Lance,Government,Anti,0,0,0,0,0,0,1,1,,,,,,,Republican representatives community I,Republican representatives community
US Rep. Louie Gohmert,Rep. Gohmert,Government,Anti,0,0,0,0,0,0,1,1,,,,,,,Republican representatives community II,Republican representatives community
US Rep. Marsha Blackburn,Rep. Blackburn,Government,Anti,0,0,0,0,0,1,3,1,,,,,,Republican Representatives Community,Republican representatives community I,Republican representatives community
US Rep. Michael Burgess,Rep. Burgess,Government,Anti,0,0,0,0,0,1,1,1,,,,,,Republican Representatives Community,Republican representatives community I,Republican representatives community
US Rep. Mike Bishop,Rep. Mike Bishop,Government,Anti,0,0,0,0,0,0,1,1,,,,,,,Republican representatives community II,Republican representatives community
US Rep. Mike Rogers,Rep. Rogers,Government,Anti,0,0,0,0,0,2,1,1,,,,,,Republican Representatives Community,Republican representatives community I,Republican representatives community
US Rep. Mimi Walters,Rep. Walters,Government,Anti,0,0,0,0,0,0,1,1,,,,,,,Republican representatives community II,Republican representatives community
US Rep. Morgan Griffith,Rep. Griffith,Government,Anti,0,0,0,0,0,0,1,1,,,,,,,Republican representatives community I,Republican representatives community
US Rep. Pete Olson,Rep. Olson,Government,Anti,0,0,0,0,0,0,1,1,,,,,,,Republican representatives community I,Republican representatives community
US Rep. Phil Gingrey,Rep. Gingrey,Government,Anti,0,0,0,0,0,1,1,0,,,,,,Republican Representatives Community,Republican representatives community I,
US Rep. Ralph Hall,Rep. Hall,Government,Anti,0,0,0,0,0,1,1,0,,,,,,Republican Representatives Community,Republican representatives community I,
US Rep. Steve Chabot,Rep. Chabot,Government,Anti,0,0,0,0,0,0,1,1,,,,,,,Republican representatives community II,Republican representatives community
US Rep. Steve King,Rep. King,Government,Anti,0,0,0,0,0,0,1,1,,,,,,,Republican representatives community II,Republican representatives community
US Rep. Steve Scalise,Rep. Scalise,Government,Anti,0,0,0,0,0,1,1,0,,,,,,Republican Representatives Community,Republican representatives community I,
US Rep. Tim Murphy,Rep. Murphy,Government,Anti,0,0,0,0,0,1,1,0,,,,,,Republican Representatives Community,Republican representatives community I,
US Rep. Tom Marino,Rep. Marino,Government,Anti,0,0,0,0,0,0,1,1,,,,,,,Republican representatives community II,Republican representatives community
US Rep. Trey Gowdy,Rep. Gowdy,Government,Anti,0,0,0,0,0,0,1,1,,,,,,,Republican representatives community II,Republican representatives community
US Senator John R. Thune,Sen. Thune,Government,Anti,0,0,0,0,0,3,2,0,,,,,,,Republican representatives community I,
US Senator Robert F. Bennett,Sen. Bennett,Government,Anti,0,0,0,0,0,1,0,1,,,,,,,,
US Senator Roger Wicker,Sen. Wicker,Government,Anti,0,0,0,0,0,2,1,0,,,,,,,Republican representatives community I,
Attorney General of Illinois,AG IL,Government,Pro,0,0,0,1,0,0,1,1,,,,,,,,
Attorney General of New York,AG NY,Government,Pro,0,0,0,0,0,0,1,1,,,,,,,,
Attorney General of Vermont,AG VT,Government,Pro,0,0,0,0,0,0,1,1,,,,,,,,
Attorney General of Washington State,AG WA,Government,Pro,0,0,0,0,0,1,1,1,,,,,,,,
California Public Utilities Commission,CPUC,Government,Pro,0,1,0,0,0,1,2,2,,"Telecom, Tech & Public Interest Community",,,,,,
Edward J. Markey,Rep./Sen. Markey,Government,Pro,0,0,0,0,0,3,3,7,,,,,,Democratic representatives community II,Democratic Congress members community,Democratic senators community
"Governor Jay Inslee, State of Washington",Governor WA,Government,Pro,0,0,0,0,0,0,2,1,,,,,,,,
"Mayor Bill de Blasio, City of New York, New York",Mayor NYC,Government,Pro,0,0,0,0,0,0,1,2,,,,,,,,
"Mayor Edwin M. Lee, City & County of San Francisco",Mayor SF,Government,Pro,0,0,0,0,0,0,1,2,,,,,,,,
US Rep. Alan Lowenthal,Rep. Lowenthal,Government,Pro,0,0,0,0,0,0,1,1,,,,,,,Democratic Congress members community,Democratic representatives community
US Rep. Albio Sires,Rep. Sires,Government,Pro,0,0,0,0,0,2,1,1,,,,,,Democratic representatives community I,Democratic representatives community,Democratic representatives community
US Rep. Alcee L. Hastings,Rep. Hastings,Government,Pro,0,0,0,0,0,2,1,0,,,,,,Democratic representatives community I,Democratic representatives community,
US Rep. Andre Carson,Rep. Carson,Government,Pro,0,0,0,0,0,0,2,1,,,,,,,Democratic Congress members community,Democratic representatives community
US Rep. Anna G. Eshoo,Rep. Eshoo,Government,Pro,0,0,0,0,0,3,2,3,,,,,,Democratic representatives community II,Democratic Congress members community,Democratic representatives community
US Rep. Barbara Lee,Rep. Lee,Government,Pro,0,0,0,0,0,0,3,2,,,,,,,Democratic Congress members community,Democratic representatives community
US Rep. Bennie G. Thompson,Rep. Thompson,Government,Pro,0,0,0,0,0,2,1,1,,,,,,Democratic representatives community I,Democratic representatives community,Democratic representatives community
US Rep. Beto O'Rourke,Rep. O'Rourke,Government,Pro,0,0,0,0,0,0,2,2,,,,,,,Democratic Congress members community,Democratic representatives community
US Rep. Betty McCollum,Rep. McCollum,Government,Pro,0,0,0,0,0,0,3,2,,,,,,,Democratic Congress members community,Democratic representatives community
US Rep. Bill Foster,Rep. Foster,Government,Pro,0,0,0,0,0,1,0,1,,,,,,Democratic representatives community I,,Democratic representatives community
US Rep. Bill Owens,Rep. Owens,Government,Pro,0,0,0,0,0,1,1,0,,,,,,Democratic representatives community I,Democratic representatives community,
US Rep. Bobby Rush,Rep. Rush,Government,Pro,0,0,0,0,0,1,1,0,,,,,,Democratic representatives community I,Democratic representatives community,
US Rep. Bobby Scott,Rep. Bobby Scott,Government,Pro,0,0,0,0,0,0,2,2,,,,,,,Democratic Congress members community,Democratic representatives community
US Rep. Carol Shea-Porter,Rep. Shea-Porter,Government,Pro,0,0,0,0,0,0,1,1,,,,,,,Democratic Congress members community,Democratic representatives community
US Rep. Chellie Pingree,Rep. Pingree,Government,Pro,0,0,0,0,0,1,1,2,,,,,,Democratic representatives community I,Democratic Congress members community,Democratic representatives community
US Rep. Corrine Brown,Rep. Brown,Government,Pro,0,0,0,0,0,1,1,0,,,,,,Democratic representatives community I,Democratic representatives community,
US Rep. Daniel K. Davis,Rep. Davis,Government,Pro,0,0,0,0,0,1,0,1,,,,,,Democratic representatives community I,,Democratic representatives community
US Rep. David Cicilline,Rep. Cicilline,Government,Pro,0,0,0,0,0,0,1,1,,,,,,,Democratic Congress members community,Democratic representatives community
US Rep. David Scott,Rep. David Scott,Government,Pro,0,0,0,0,0,2,1,0,,,,,,Democratic representatives community I,Democratic representatives community,
US Rep. Donald S. Beyer Jr,Rep. Beyer,Government,Pro,0,0,0,0,0,0,1,2,,,,,,,Democratic Congress members community,Democratic representatives community
US Rep. Doris Matsui,Rep. Matsui,Government,Pro,0,0,0,0,0,1,0,2,,,,,,Democratic representatives community II,,Democratic representatives community
US Rep. Earl Blumenauer,Rep. Blumenauer,Government,Pro,0,0,0,0,0,0,3,2,,,,,,,Democratic Congress members community,Democratic representatives community
US Rep. Ed Perlmutter,Rep. Perlmutter,Government,Pro,0,0,0,0,0,1,0,1,,,,,,Democratic representatives community I,,Democratic representatives community
US Rep. Eleanor Holmes Norton,Rep. Norton,Government,Pro,0,0,0,0,0,0,2,1,,,,,,,Democratic Congress members community,Democratic representatives community
US Rep. G. K. Butterfield,Rep. Butterfield,Government,Pro,0,0,0,0,0,2,1,0,,,,,,Democratic representatives community I,Democratic representatives community,
US Rep. Gary Peters,Rep. Peters,Government,Pro,0,0,0,0,0,1,0,2,,,,,,Democratic representatives community I,,Democratic senators community
US Rep. Gene Green,Rep. Green,Government,Pro,0,0,0,0,0,1,1,0,,,,,,Democratic representatives community I,Democratic representatives community,
US Rep. Gregory Meeks,Rep. Meeks,Government,Pro,0,0,0,0,0,2,1,0,,,,,,Democratic representatives community I,Democratic representatives community,
US Rep. Henry A. Waxman,Rep. Waxman,Government,Pro,0,0,1,0,0,1,3,0,,,,,,,Democratic Congress members community,
US Rep. Henry Cuellar,Rep. Cuellar,Government,Pro,0,0,0,0,0,2,1,0,,,,,,Democratic representatives community I,Democratic representatives community,
US Rep. Jan Schakowsky,Rep. Schakowsky,Government,Pro,0,0,0,0,0,0,3,4,,,,,,,Democratic Congress members community,Democratic representatives community
US Rep. Jared Huffman,Rep. Huffman,Government,Pro,0,0,0,0,0,0,2,3,,,,,,,Democratic Congress members community,Democratic representatives community
US Rep. Jared Polis,Rep. Polis,Government,Pro,0,0,0,0,0,2,1,3,,,,,,Democratic representatives community I,Democratic Congress members community,Democratic representatives community
US Rep. Jerrold Nadler,Rep. Nadler,Government,Pro,0,0,0,0,0,0,3,1,,,,,,,Democratic Congress members community,Democratic representatives community
US Rep. Jim McGovern,Rep. McGovern,Government,Pro,0,0,0,0,0,0,2,2,,,,,,,Democratic Congress members community,Democratic representatives community
US Rep. Joaquin Castro,Rep. Castro,Government,Pro,0,0,0,0,0,0,1,1,,,,,,,Democratic representatives community,Democratic representatives community
US Rep. Joe Crowley,Rep. Crowley,Government,Pro,0,0,0,0,0,2,0,1,,,,,,Democratic representatives community I,,Democratic representatives community
US Rep. John Barrow,Rep. Barrow,Government,Pro,0,0,0,0,0,2,1,0,,,,,,Democratic representatives community I,Democratic representatives community,
US Rep. John Lewis,Rep. Lewis,Government,Pro,0,0,0,0,0,1,3,1,,,,,,Democratic representatives community II,Democratic Congress members community,Democratic representatives community
US Rep. John Sarbanes,Rep. Sarbanes,Government,Pro,0,0,0,0,0,0,2,2,,,,,,,Democratic Congress members community,Democratic representatives community
US Rep. Jose E. Serrano,Rep. Serrano,Government,Pro,0,0,0,0,0,0,2,2,,,,,,,Democratic Congress members community,Democratic representatives community
US Rep. Keith Ellison,Rep. Ellison,Government,Pro,0,0,0,0,0,0,3,1,,,,,,,Democratic Congress members community,Democratic representatives community
US Rep. Kurt Schrader,Rep. Schrader,Government,Pro,0,0,0,0,0,2,1,0,,,,,,Democratic representatives community I,Democratic representatives community,
US Rep. Linda Sanchez,Rep. Linda Sanchez,Government,Pro,0,0,0,0,0,1,0,1,,,,,,Democratic representatives community I,,Democratic representatives community
US Rep. Loretta Sanchez,Rep. Loretta Sanchez,Government,Pro,0,0,0,0,0,2,1,0,,,,,,Democratic representatives community I,Democratic representatives community,
US Rep. Louise Slaughter,Rep. Slaughter,Government,Pro,0,0,0,0,0,0,3,1,,,,,,,Democratic Congress members community,Democratic representatives community
US Rep. Marcy Kaptur,Rep. Kaptur,Government,Pro,0,0,0,0,0,0,2,1,,,,,,,Democratic Congress members community,Democratic representatives community
US Rep. Mark Pocan,Rep. Pocan,Government,Pro,0,0,0,0,0,0,1,1,,,,,,,Democratic Congress members community,Democratic representatives community
US Rep. Mark Takano,Rep. Takano,Government,Pro,0,0,0,0,0,0,2,2,,,,,,,Democratic Congress members community,Democratic representatives community
US Rep. Maxine Waters,Rep. Waters,Government,Pro,0,0,0,0,0,1,1,1,,,,,,,Democratic Congress members community,
US Rep. Michael E. Capuano,Rep. Capuano,Government,Pro,0,0,0,0,0,0,2,3,,,,,,,Democratic Congress members community,Democratic representatives community
US Rep. Mike Doyle,Rep. Doyle,Government,Pro,0,0,0,0,0,1,1,2,,,,,,Democratic representatives community II,Democratic Congress members community,Democratic representatives community
US Rep. Mike Honda,Rep. Honda,Government,Pro,0,0,0,0,0,1,4,0,,,,,,Democratic representatives community I,Democratic Congress members community,
US Rep. Nick Rahall,Rep. Rahall,Government,Pro,0,0,0,0,0,2,1,0,,,,,,Democratic representatives community I,Democratic representatives community,
US Rep. Paul Tonko,Rep. Tonko,Government,Pro,0,0,0,0,0,1,0,1,,,,,,Democratic representatives community I,,Democratic representatives community
US Rep. Pete Visclosky,Rep. Visclosky,Government,Pro,0,0,0,0,0,0,2,1,,,,,,,Democratic Congress members community,Democratic representatives community
US Rep. Peter DeFazio,Rep. DeFazio,Government,Pro,0,0,0,0,0,0,2,2,,,,,,,Democratic Congress members community,Democratic representatives community
US Rep. Peter Welch,Rep. Welch,Government,Pro,0,0,0,0,0,1,0,2,,,,,,Democratic representatives community I,,Democratic representatives community
US Rep. Raul Grijalva,Rep. Grijalva,Government,Pro,0,0,0,0,0,1,3,2,,,,,,Democratic representatives community II,Democratic Congress members community,Democratic representatives community
US Rep. Richard Nolan,Rep. Nolan,Government,Pro,0,0,0,0,0,0,1,2,,,,,,,Democratic Congress members community,Democratic representatives community
US Rep. Rick Larsen,Rep. Larsen,Government,Pro,0,0,0,0,0,2,0,1,,,,,,Democratic representatives community I,,Democratic representatives community
US Rep. Sanford Bishop Jr.,Rep. Sanford Bishop,Government,Pro,0,0,0,0,0,2,1,0,,,,,,Democratic representatives community I,Democratic representatives community,
US Rep. Sheila Jackson-Lee,Rep. Jackson-Lee,Government,Pro,0,0,0,0,0,1,1,2,,,,,,Democratic representatives community I,Democratic Congress members community,Democratic representatives community
US Rep. Suzanne Bonamici,Rep. Bonamici,Government,Pro,0,0,0,0,0,0,1,2,,,,,,,Democratic Congress members community,Democratic representatives community
US Rep. Tim Ryan,Rep. Ryan,Government,Pro,0,0,0,0,0,0,3,1,,,,,,,Democratic Congress members community,Democratic representatives community
US Rep. William Lacy Clay,Rep. Clay,Government,Pro,0,0,0,0,0,2,1,0,,,,,,Democratic representatives community I,Democratic representatives community,
US Rep. Yvette Clarke,Rep. Clarke,Government,Pro,0,0,0,0,0,2,0,1,,,,,,Democratic representatives community I,,Democratic representatives community
US Senator Al Franken,Sen. Franken,Government,Pro,0,0,0,0,0,1,6,7,,,,,,,Democratic Congress members community,Democratic senators community
US Senator Amy Klobuchar,Sen. Klobuchar,Government,Pro,0,0,0,0,0,0,1,4,,,,,,,,Democratic senators community
US Senator Ben Cardin,Sen. Cardin,Government,Pro,0,0,0,0,0,0,2,4,,,,,,,Democratic Congress members community,Democratic senators community
US Senator Bernard Sanders,Sen. Sanders,Government,Pro,0,0,0,0,0,1,5,6,,,,,,Democratic senators community,Democratic Congress members community,Democratic senators community
US Senator Bill Nelson,Sen. Nelson,Government,Pro,0,0,0,0,0,1,1,1,,,,,,Democratic senators community,,Democratic senators community
US Senator Byron L. Dorgan,Sen. Dorgan,Government,Pro,0,0,0,0,1,1,0,0,,,,,,Democratic senators community,,
US Senator Charles E. Schumer,Sen. Schumer,Government,Pro,0,0,0,0,0,0,3,4,,,,,,,Democratic Congress members community,Democratic senators community
US Senator Cory Booker,Sen. Booker,Government,Pro,0,0,0,0,0,0,3,5,,,,,,,Democratic Congress members community,Democratic senators community
US Senator Debbie Stabenow,Sen. Stabenow,Government,Pro,0,0,0,0,0,1,0,1,,,,,,,,Democratic senators community
US Senator Dianne Feinstein,Sen. Feinstein,Government,Pro,0,0,0,0,0,0,0,0,,,,,,,,
US Senator Elizabeth Warren,Sen. Warren,Government,Pro,0,0,0,0,0,0,3,7,,,,,,,Democratic Congress members community,Democratic senators community
US Senator Jeff Merkley,Sen. Merkley,Government,Pro,0,0,0,0,0,0,3,4,,,,,,,Democratic Congress members community,Democratic senators community
US Senator Kirsten Gillibrand,Sen. Gillibrand,Government,Pro,0,0,0,0,0,0,2,6,,,,,,,Democratic Congress members community,Democratic senators community
US Senator Maria Cantwell,Sen. Cantwell,Government,Pro,0,0,0,0,0,1,0,4,,,,,,Democratic senators community,,Democratic senators community
US Senator Mark R. Warner,Sen. Warner,Government,Pro,0,0,0,0,0,1,0,1,,,,,,,,Democratic senators community
US Senator Martin Heinrich,Sen. Heinrich,Government,Pro,0,0,0,0,0,0,1,3,,,,,,,,Democratic senators community
US Senator Olympia J. Snowe,Sen. Snowe,Government,Pro,0,0,0,0,1,1,0,0,,,,,,,,
US Senator Patrick J. Leahy,Sen. Leahy,Government,Pro,0,0,0,0,0,1,0,5,,,,,,Democratic senators community,,Democratic senators community
US Senator Richard Blumenthal,Sen. Blumenthal,Government,Pro,0,0,0,0,0,0,3,7,,,,,,,Democratic Congress members community,Democratic senators community
US Senator Richard J. Durbin,Sen. Durbin,Government,Pro,0,0,0,0,0,1,0,1,,,,,,Democratic senators community,,Democratic senators community
US Senator Ron Wyden,Sen. Wyden,Government,Pro,0,0,0,0,0,1,5,8,,,,,,Democratic senators community,Democratic Congress members community,Democratic senators community
US Senator Sheldon Whitehouse,Sen. Whitehouse,Government,Pro,0,0,0,0,0,0,1,3,,,,,,,Democratic Congress members community,Democratic senators community
US Senator Tammy Baldwin,Sen. Baldwin,Government,Pro,0,0,0,0,0,0,1,5,,,,,,,Democratic Congress members community,Democratic senators community
100 Black Men,,Non-Business,Anti,0,0,0,0,0,2,2,0,,,,,,Minority Astroturf Community,Minority Astroturf Community,
60 Plus Association,60 Plus,Non-Business,Anti,0,0,0,0,0,5,0,1,,,,,,Conservative Astroturf Community,,Conservative Astroturf Community
Advanced Communications Law & Policy Institute at New York Law School,ACLP at NYLS,Non-Business,Anti,0,0,0,0,1,1,1,1,,,,,,,,
American Commitment,,Non-Business,Anti,0,0,0,0,0,0,3,1,,,,,,,Conservative Astroturf Community,Conservative Astroturf Community
American Conservative Union,ACU,Non-Business,Anti,0,0,0,1,0,1,2,3,,,,Conservative Astroturf Community,,Conservative Astroturf Community,Conservative Astroturf Community,Conservative Astroturf Community
American Consumer Institute,ACI,Non-Business,Anti,1,0,0,0,4,5,3,1,,,,,,,,Conservative Astroturf Community
American Legislative Exchange Council,ALEC,Non-Business,Anti,0,0,0,0,1,2,1,4,,,,,,,Conservative Astroturf Community,Conservative Astroturf Community
Americans for Prosperity,AFP,Non-Business,Anti,0,0,0,0,2,2,2,1,,,,,Conservative Astroturf Community,Conservative Astroturf Community,Conservative Astroturf Community,Conservative Astroturf Community
Americans for Tax Reform,ATR,Non-Business,Anti,0,0,0,2,2,5,2,1,,,,,Conservative Astroturf Community,Conservative Astroturf Community,Conservative Astroturf Community,Conservative Astroturf Community
Asian & Pacific Islander American Chamber of Commerce & Entrepreneurship,National ACE,Non-Business,Anti,0,0,0,0,0,0,2,1,,,,,,,Minority Astroturf Community,Minority Astroturf Community
Asian Americans Advancing Justice,AAJC,Non-Business,Anti,0,1,0,0,1,4,1,1,,Minority Astroturf Community,,,,Minority Astroturf Community,,
Asian Pacific American Advocates,OCA,Non-Business,Anti,0,1,0,0,0,2,2,2,,Minority Astroturf Community,,,,Minority Astroturf Community,Minority Astroturf Community,Minority Astroturf Community
Asian Pacific American Institute for Congressional Studies,APAICS,Non-Business,Anti,0,0,0,0,0,3,2,2,,,,,,Minority Astroturf Community,Minority Astroturf Community,Minority Astroturf Community
Black College Communication Association,BCCA,Non-Business,Anti,0,0,0,0,0,6,1,0,,,,,,Minority Astroturf Community,Minority Astroturf Community,
Black Women's Roundtable,BWR,Non-Business,Anti,0,2,0,0,0,5,1,1,,,,,,Minority Astroturf Community,,
CALinnovates,,Non-Business,Anti,0,1,3,3,0,0,1,2,,,,,,,,
Center for Freedom & Prosperity,CFP,Non-Business,Anti,0,0,0,0,0,1,0,1,,,,,,Conservative Astroturf Community,,Conservative Astroturf Community
Center for Individual Freedom,CFIF,Non-Business,Anti,0,0,0,0,1,3,4,3,,,,,,Conservative Astroturf Community,Conservative Astroturf Community,Conservative Astroturf Community
Citizen Outreach,,Non-Business,Anti,0,0,0,0,0,1,0,1,,,,,,Conservative Astroturf Community,,Conservative Astroturf Community
Citizens Against Government Waste,CAGW,Non-Business,Anti,0,0,0,4,1,3,2,3,,,,,,Conservative Astroturf Community,Conservative Astroturf Community,Conservative Astroturf Community
Communications Workers of America,CWA,Non-Business,Anti,0,4,0,0,0,4,3,1,,Conservative Astroturf Community,,,,,Minority Astroturf Community,
Competitive Enterprise Institute,CEI,Non-Business,Anti,0,0,0,1,3,4,3,4,,,,Conservative Astroturf Community,,Conservative Astroturf Community,Conservative Astroturf Community,Conservative Astroturf Community
Dialogue on Diversity,,Non-Business,Anti,0,0,0,0,0,1,2,0,,,,,,Minority Astroturf Community,Minority Astroturf Community,
Digital Liberty,,Non-Business,Anti,0,0,0,2,0,0,2,1,,,,,,,Conservative Astroturf Community,Conservative Astroturf Community
Discovery Institute,DI,Non-Business,Anti,0,0,0,1,2,4,2,3,,,,,,Conservative Astroturf Community,,Conservative Astroturf Community
Free State Foundation,,Non-Business,Anti,0,3,1,3,1,3,2,9,,,Minority Astroturf Community,,,,,
FreedomWorks,,Non-Business,Anti,0,0,0,1,1,1,2,2,,,,Conservative Astroturf Community,,Conservative Astroturf Community,Conservative Astroturf Community,Conservative Astroturf Community
Georgetown Center for Business & Public Policy,CBPP at Georgetown,Non-Business,Anti,0,0,0,0,0,0,7,1,,,,,,,Conservative Astroturf Community,
Heartland Institute,,Non-Business,Anti,0,0,0,0,1,3,2,1,,,,,,Conservative Astroturf Community,,Conservative Astroturf Community
Hispanic Leadership Fund,HLF,Non-Business,Anti,0,0,0,0,0,1,0,1,,,,,,Minority Astroturf Community,,Conservative Astroturf Community
Hispanic Technology & Telecommunications Partnership,HTTP,Non-Business,Anti,0,0,1,0,1,8,2,3,,,Minority Astroturf Community,,,Minority Astroturf Community,Minority Astroturf Community,Minority Astroturf Community
Information Technology & Innovation Foundation,ITIF,Non-Business,Anti,0,0,0,0,2,6,3,1,,,,,,,Conservative Astroturf Community,
Institute for Liberty,IFL,Non-Business,Anti,0,0,0,0,2,2,3,1,,,,,Conservative Astroturf Community,Conservative Astroturf Community,Conservative Astroturf Community,Conservative Astroturf Community
Institute for Policy Innovation,IPI,Non-Business,Anti,0,0,0,0,5,2,4,2,,,,,Conservative Astroturf Community,Conservative Astroturf Community,Conservative Astroturf Community,Conservative Astroturf Community
International Black Broadcasters Association,IBBA,Non-Business,Anti,0,0,0,0,0,1,2,0,,,,,,Minority Astroturf Community,Minority Astroturf Community,
International Center for Law & Economics,ICLE,Non-Business,Anti,0,0,0,1,0,0,3,2,,,,,,,Conservative Astroturf Community,
Internet Freedom Coalition,IFC,Non-Business,Anti,0,0,0,0,2,1,0,0,,,,,Conservative Astroturf Community,Conservative Astroturf Community,,
Japanese American Citizens League,JACL,Non-Business,Anti,0,2,0,0,1,4,2,0,,Minority Astroturf Community,,,,Minority Astroturf Community,Minority Astroturf Community,
Labor Council for Latin American Advancement,LCLAA,Non-Business,Anti,0,0,0,0,1,7,0,0,,,,,Minority Astroturf Community,Minority Astroturf Community,,
Latinos in Information Sciences & Technology Association,LISTA,Non-Business,Anti,0,0,0,0,1,9,2,0,,,,,Minority Astroturf Community,Minority Astroturf Community,Minority Astroturf Community,
Leadership Education for Asian Pacifics,LEAP,Non-Business,Anti,0,0,0,0,1,3,2,0,,,,,,Minority Astroturf Community,Minority Astroturf Community,
League of United Latin American Citizens,LULAC,Non-Business,Anti,0,1,0,0,0,12,2,3,,Conservative Astroturf Community,,,,Minority Astroturf Community,Minority Astroturf Community,Minority Astroturf Community
Less Government,,Non-Business,Anti,0,0,0,0,0,0,3,1,,,,,,,Conservative Astroturf Community,Conservative Astroturf Community
MANA - A National Latina Organization,MANA,Non-Business,Anti,0,0,0,0,0,9,2,3,,,,,,Minority Astroturf Community,Minority Astroturf Community,Minority Astroturf Community
Media Freedom Project,,Non-Business,Anti,0,0,0,0,2,1,0,0,,,,,Conservative Astroturf Community,Conservative Astroturf Community,,
MediaFreedom,,Non-Business,Anti,0,0,0,0,0,0,5,5,,,,,,,Conservative Astroturf Community,Conservative Astroturf Community
Mercatus Center at George Mason University,Mercatus Center at GMU,Non-Business,Anti,0,0,0,3,2,1,2,0,,,,,,,Conservative Astroturf Community,
Mobile Future,,Non-Business,Anti,0,4,4,2,0,5,7,3,,,Wireless & Mobile Industry Community,,,,,
"Multicultural Media, Telecom & Internet Council",MMTC,Non-Business,Anti,0,13,11,2,0,6,5,2,,Conservative Astroturf Community,Minority Astroturf Community,,,Minority Astroturf Community,Minority Astroturf Community,Minority Astroturf Community
National Association for the Advancement of Colored People,NAACP,Non-Business,Anti,0,0,1,0,0,5,2,1,,,Minority Astroturf Community,,,Minority Astroturf Community,Minority Astroturf Community,
National Association of Black County Officials,NABCO,Non-Business,Anti,0,0,0,0,0,6,2,0,,,,,,Minority Astroturf Community,Minority Astroturf Community,
National Association of Multicultural Digital Entrepreneurs,NAMDE,Non-Business,Anti,0,0,0,0,0,1,2,0,,,,,,Minority Astroturf Community,Minority Astroturf Community,
National Association of Neighborhoods,NAN,Non-Business,Anti,0,0,0,0,0,2,2,0,,,,,,Minority Astroturf Community,Minority Astroturf Community,
National Black Caucus of State Legislators,NBCSL,Non-Business,Anti,0,0,0,0,0,12,2,1,,,,,,Minority Astroturf Community,Minority Astroturf Community,Minority Astroturf Community
National Black Chamber of Commerce,NBCC,Non-Business,Anti,0,0,0,0,3,4,1,1,,,,,Minority Astroturf Community,Minority Astroturf Community,,Conservative Astroturf Community
National Coalition on Black Civic Participation,NCBCP,Non-Business,Anti,0,2,0,0,0,8,3,1,,,,,,Minority Astroturf Community,Minority Astroturf Community,Minority Astroturf Community
National Congress of Black Women,NCBW,Non-Business,Anti,0,0,0,0,1,0,2,1,,,,,Minority Astroturf Community,,Minority Astroturf Community,Minority Astroturf Community
National Grange,,Non-Business,Anti,0,0,0,0,2,3,1,1,,,,,,,,
National Hispanic Caucus of State Legislators,NHCSL,Non-Business,Anti,0,0,0,0,0,4,2,0,,,,,,Minority Astroturf Community,Minority Astroturf Community,
National Organization of Black County Officials,NOBCO,Non-Business,Anti,0,0,0,0,0,1,2,1,,,,,,Minority Astroturf Community,Minority Astroturf Community,Minority Astroturf Community
National Organization of Black Elected Legislative Women,NOBEL Women,Non-Business,Anti,0,0,0,0,0,11,2,1,,,,,,Minority Astroturf Community,Minority Astroturf Community,Minority Astroturf Community
National Puerto Rican Chamber of Commerce,NPRCC,Non-Business,Anti,0,0,0,0,0,1,2,1,,,,,,Minority Astroturf Community,Minority Astroturf Community,Minority Astroturf Community
National Puerto Rican Coalition,NPRC,Non-Business,Anti,0,0,0,0,0,7,2,0,,,,,,Minority Astroturf Community,Minority Astroturf Community,
National Taxpayers Union,NTU,Non-Business,Anti,0,0,0,0,1,3,3,2,,,,,Conservative Astroturf Community,Conservative Astroturf Community,Conservative Astroturf Community,Conservative Astroturf Community
National Urban League,NUL,Non-Business,Anti,0,1,1,0,1,1,1,0,,Conservative Astroturf Community,Minority Astroturf Community,,,Minority Astroturf Community,Minority Astroturf Community,
NetCompetition,,Non-Business,Anti,0,0,0,0,0,0,5,1,,,,,,,Conservative Astroturf Community,Conservative Astroturf Community
Progress & Freedom Foundation,PFF,Non-Business,Anti,0,0,0,0,5,2,0,0,,,,,Conservative Astroturf Community,,,
Property Rights Alliance,PRA,Non-Business,Anti,0,0,0,0,1,1,0,1,,,,,Conservative Astroturf Community,,,Conservative Astroturf Community
Public Interest Institute,PII,Non-Business,Anti,0,0,0,0,1,1,0,1,,,,,Conservative Astroturf Community,Conservative Astroturf Community,,Conservative Astroturf Community
R Street Institute,RSI,Non-Business,Anti,0,0,0,2,0,0,2,3,,,,Conservative Astroturf Community,,,,Conservative Astroturf Community
Rainbow PUSH Coalition,RPC,Non-Business,Anti,0,0,1,0,0,1,2,0,,,Minority Astroturf Community,,,,Minority Astroturf Community,
Reason Foundation,,Non-Business,Anti,0,0,0,0,2,0,2,1,,,,,,,,
Small Business & Entrepreneurship Council,SBE Council,Non-Business,Anti,0,0,2,0,2,3,1,2,,,,,,,,Conservative Astroturf Community
Songwriters Guild of America,SGA,Non-Business,Anti,0,1,0,0,1,1,0,0,,,,,,,,
Taxpayers Protection Alliance,TPA,Non-Business,Anti,0,0,0,0,0,0,4,1,,,,,,,Conservative Astroturf Community,Conservative Astroturf Community
TechFreedom,,Non-Business,Anti,0,0,1,3,0,0,5,3,,,Minority Astroturf Community,Conservative Astroturf Community,,,Conservative Astroturf Community,Conservative Astroturf Community
Technology Policy Institute,TPI,Non-Business,Anti,0,0,0,0,0,0,1,1,,,,,,,,
Texas Public Policy Foundation,TPPF,Non-Business,Anti,0,0,0,0,0,1,0,1,,,,,,,,Conservative Astroturf Community
United States Distance Learning Association,USDLA,Non-Business,Anti,0,0,0,0,1,1,1,0,,,,,,,,
American Federation of Television & Radio Artists,AFTRA,Non-Business,Neither,0,2,0,0,0,5,0,1,,Media Community,,,,,,
Directors Guild of America,DGA,Non-Business,Neither,0,4,1,0,0,5,0,1,,Media Community,Pro-Net Neutrality Community,,,,,
Mexican American Opportunity Foundation,MAOF,Non-Business,Neither,0,0,0,0,0,3,1,0,,,,,,,Pro-Net Neutrality Community,
National Association of Telecommunications Officers & Advisors,NATOA,Non-Business,Neither,0,2,1,0,2,1,2,0,,,,,,Open Community,,
National Council of Women's Organizations,NCWO,Non-Business,Neither,0,0,0,0,1,0,1,0,,,,,Minority Astroturf Community,,Pro-Net Neutrality Community,
National Korean American Service & Education Consortium,NAKASEC,Non-Business,Neither,0,0,0,0,0,1,1,0,,,,,,Minority Astroturf Community,Pro-Net Neutrality Community,
Open Internet Coalition,OIC,Non-Business,Neither,2,25,0,0,3,8,0,0,Pro-Net Neutrality Community,"Telecom, Tech & Public Interest Community",,,,Open Community,,
Screen Actors Guild,SAG,Non-Business,Neither,0,2,0,0,0,5,0,1,,Media Community,,,,,,
Writers Guild of America West,WGAW,Non-Business,Neither,0,2,5,2,0,4,5,3,,"Telecom, Tech & Public Interest Community",Pro-Net Neutrality Community,,,Open Community,Pro-Net Neutrality Community,Public Interest Community
18MillionRising,18MR,Non-Business,Pro,0,0,0,0,0,0,2,5,,,,,,,Pro-Net Neutrality Community,Public Interest Community
Access,,Non-Business,Pro,0,0,0,0,0,0,4,2,,,,,,,Pro-Net Neutrality Community,Public Interest Community
Access Humboldt,,Non-Business,Pro,0,0,1,0,0,5,4,3,,,Pro-Net Neutrality Community,,,Open Community,Pro-Net Neutrality Community,Public Interest Community
Akaku Maui Community Media,Akaku,Non-Business,Pro,0,0,0,0,0,1,2,1,,,,,,Open Community,Pro-Net Neutrality Community,Public Interest Community
Allied Media Projects,AMP,Non-Business,Pro,0,0,0,0,0,0,3,2,,,,,,,Pro-Net Neutrality Community,Public Interest Community
Alternate ROOTS,ROOTS,Non-Business,Pro,0,0,0,0,0,0,3,1,,,,,,,Pro-Net Neutrality Community,Public Interest Community
American Association of Community Colleges,AACC,Non-Business,Pro,0,0,0,0,0,1,2,3,,,,,,Higher Education Community,Higher Education Community,Higher Education Community
American Association of Law Libraries,AALL,Non-Business,Pro,0,0,0,0,0,0,1,1,,,,,,,,Public Interest Community
American Association of Retired Persons,AARP,Non-Business,Pro,0,0,1,0,0,0,1,2,,,,,,,,
American Association of State Colleges & Universities,AASCU,Non-Business,Pro,0,0,0,0,0,0,3,3,,,,,,,Higher Education Community,Higher Education Community
American Civil Liberties Union,ACLU,Non-Business,Pro,0,0,3,0,1,1,4,7,,,Pro-Net Neutrality Community,,,,Pro-Net Neutrality Community,Public Interest Community
American Composers Forum,ACF,Non-Business,Pro,0,0,0,0,0,1,1,0,,,,,,Open Community,Pro-Net Neutrality Community,
American Council on Education,ACE,Non-Business,Pro,0,0,0,1,0,1,3,3,,,,Higher Education Community,,Higher Education Community,Higher Education Community,Higher Education Community
American Library Association,ALA,Non-Business,Pro,0,5,6,0,2,7,6,4,,Higher Education Community,Pro-Net Neutrality Community,,,Higher Education Community,Higher Education Community,Public Interest Community
Americans for the Arts,,Non-Business,Pro,0,0,0,0,0,0,1,1,,,,,,,Pro-Net Neutrality Community,Public Interest Community
Appalshop,,Non-Business,Pro,0,1,0,0,0,1,6,3,,Media Community,,,,Open Community,Pro-Net Neutrality Community,Public Interest Community
Arts & Democracy,,Non-Business,Pro,0,0,0,0,0,0,1,2,,,,,,,Pro-Net Neutrality Community,Public Interest Community
Asamblea de Derechos Civiles,,Non-Business,Pro,0,0,0,0,0,0,1,1,,,,,,,Pro-Net Neutrality Community,Public Interest Community
Association of American Universities,AAU,Non-Business,Pro,0,0,0,1,0,1,3,3,,,,Higher Education Community,,Higher Education Community,Higher Education Community,Higher Education Community
Association of Public & Land-grant Universities,APLU,Non-Business,Pro,0,0,0,0,0,1,3,3,,,,,,Higher Education Community,Higher Education Community,Higher Education Community
Association of Research Libraries,ARL,Non-Business,Pro,0,2,4,2,0,7,5,3,,Higher Education Community,Pro-Net Neutrality Community,Higher Education Community,,Higher Education Community,Higher Education Community,Higher Education Community
Benton Foundation,,Non-Business,Pro,0,0,2,0,0,5,3,15,,,,,,Open Community,Pro-Net Neutrality Community,Public Interest Community
Broadband Alliance of Mendocino County,BAMC,Non-Business,Pro,0,0,0,0,0,0,1,1,,,,,,,,Public Interest Community
California Center for Rural Policy,CCRP,Non-Business,Pro,0,0,0,0,0,2,2,1,,,,,,Open Community,Pro-Net Neutrality Community,Public Interest Community
Center for Democracy & Technology,CDT,Non-Business,Pro,4,14,7,0,4,5,4,7,,"Telecom, Tech & Public Interest Community",Pro-Net Neutrality Community,,,,Higher Education Community,Public Interest Community
Center for Digital Democracy,CDD,Non-Business,Pro,0,0,0,0,0,2,0,2,,,,,,Open Community,,Public Interest Community
Center for Media Justice,,Non-Business,Pro,0,3,4,0,0,8,8,6,,Media Community,Pro-Net Neutrality Community,,,Open Community,Pro-Net Neutrality Community,Public Interest Community
Center for Rural Strategies,,Non-Business,Pro,0,0,0,0,0,4,3,5,,,,,,Open Community,Pro-Net Neutrality Community,Public Interest Community
Center for Social Inclusion,CSI,Non-Business,Pro,0,2,0,0,0,0,1,2,,Media Community,,,,,Pro-Net Neutrality Community,Public Interest Community
Chamber Music America,,Non-Business,Pro,0,0,0,0,0,0,1,1,,,,,,,Pro-Net Neutrality Community,Public Interest Community
Chicago Media Action,,Non-Business,Pro,0,0,0,0,0,1,1,0,,,,,,Open Community,Pro-Net Neutrality Community,
Chief Officers of State Library Agencies,COSLA,Non-Business,Pro,0,0,0,0,0,1,3,1,,,,,,Higher Education Community,Higher Education Community,Public Interest Community
ColorOfChange,Color Of Change,Non-Business,Pro,0,2,4,0,0,6,6,5,,Media Community,Pro-Net Neutrality Community,,,Open Community,Pro-Net Neutrality Community,Public Interest Community
Common Cause,,Non-Business,Pro,0,0,5,0,0,2,8,6,,,Pro-Net Neutrality Community,,,Open Community,Pro-Net Neutrality Community,Public Interest Community
Common Frequency,CF,Non-Business,Pro,0,0,1,0,0,0,2,2,,,Pro-Net Neutrality Community,,,,Pro-Net Neutrality Community,Public Interest Community
Consumer Federation of America,CFA,Non-Business,Pro,1,6,2,0,8,1,7,2,Pro-Net Neutrality Community,"Telecom, Tech & Public Interest Community",,,Public Interest Community,Open Community,,Public Interest Community
Consumer Watchdog,,Non-Business,Pro,0,0,0,0,0,0,2,2,,,,,,,,Public Interest Community
Consumers Union,CU,Non-Business,Pro,2,17,3,0,7,8,5,3,Pro-Net Neutrality Community,"Telecom, Tech & Public Interest Community",Pro-Net Neutrality Community,,Public Interest Community,Open Community,Pro-Net Neutrality Community,Public Interest Community
Dance/USA,,Non-Business,Pro,0,0,0,0,0,0,1,1,,,,,,,Pro-Net Neutrality Community,Public Interest Community
Deaf & Hard of Hearing Consumer Advocacy Network,DHHCAN,Non-Business,Pro,0,0,0,0,0,0,1,2,,,,,,,Deaf & Hard of Hearing community,Deaf & Hard of Hearing community
Democracy for America,DFA,Non-Business,Pro,0,0,0,0,0,1,2,0,,,,,,Open Community,Pro-Net Neutrality Community,
Dignity & Power Now,DPN,Non-Business,Pro,0,0,0,0,0,0,3,2,,,,,,,Pro-Net Neutrality Community,Public Interest Community
EDUCAUSE,,Non-Business,Pro,0,4,6,1,2,6,3,3,,Higher Education Community,Pro-Net Neutrality Community,Higher Education Community,Public Interest Community,Higher Education Community,Higher Education Community,Higher Education Community
Electronic Frontier Foundation,EFF,Non-Business,Pro,0,0,2,0,2,3,5,8,,,Pro-Net Neutrality Community,,Public Interest Community,Open Community,Pro-Net Neutrality Community,Public Interest Community
Ella Baker Center for Human Rights,EBC,Non-Business,Pro,0,0,0,0,0,2,1,0,,,,,,Open Community,Pro-Net Neutrality Community,
Engine,,Non-Business,Pro,0,0,8,0,0,0,9,3,,,Pro-Net Neutrality Community,,,,Pro-Net Neutrality Community,Public Interest Community
Entertainment Consumers Association,ECA,Non-Business,Pro,0,0,0,0,0,1,1,0,,,,,,Open Community,Pro-Net Neutrality Community,
Esperanza Center for Peace & Justice,Esperanza,Non-Business,Pro,0,1,0,0,0,3,1,0,,Media Community,,,,Open Community,Pro-Net Neutrality Community,
European Digital Rights,EDRi,Non-Business,Pro,0,0,0,0,0,0,1,1,,,,,,,,Public Interest Community
Fairness & Accuracy In Reporting,FAIR,Non-Business,Pro,0,0,0,0,0,0,2,1,,,,,,,Pro-Net Neutrality Community,Public Interest Community
Families for Freedom,FFF,Non-Business,Pro,0,0,0,0,0,0,3,2,,,,,,,Pro-Net Neutrality Community,Public Interest Community
Families Rally for Emancipation & Empowerment,FREE!,Non-Business,Pro,0,0,0,0,0,0,1,2,,,,,,,Pro-Net Neutrality Community,Public Interest Community
Feminist Majority,FMF,Non-Business,Pro,0,0,0,0,0,1,1,0,,,,,,Open Community,Pro-Net Neutrality Community,
Feminist Peace Network,FPN,Non-Business,Pro,0,0,0,0,0,1,1,0,,,,,,Open Community,Pro-Net Neutrality Community,
Fight for the Future,FFTF,Non-Business,Pro,0,0,0,0,0,0,2,2,,,,,,,Pro-Net Neutrality Community,Public Interest Community
Film Independent,,Non-Business,Pro,0,0,0,0,0,2,2,0,,,,,,Open Community,Pro-Net Neutrality Community,
Forward Together,,Non-Business,Pro,0,0,0,0,0,0,1,2,,,,,,,Pro-Net Neutrality Community,Public Interest Community
Fractured Atlas,,Non-Business,Pro,0,0,0,0,0,1,1,1,,,,,,Open Community,Pro-Net Neutrality Community,Public Interest Community
Free Press,,Non-Business,Pro,15,44,23,7,9,22,19,11,Pro-Net Neutrality Community,"Telecom, Tech & Public Interest Community",Pro-Net Neutrality Community,,Public Interest Community,Open Community,Pro-Net Neutrality Community,Public Interest Community
Free Software Foundation,,Non-Business,Pro,0,0,0,0,0,0,1,1,,,,,,,Pro-Net Neutrality Community,Public Interest Community
Future of Music Coalition,FMC,Non-Business,Pro,0,2,2,0,0,4,6,4,,,Pro-Net Neutrality Community,,,Open Community,Pro-Net Neutrality Community,Public Interest Community
Generation Justice,,Non-Business,Pro,0,0,0,0,0,0,3,2,,,,,,,Pro-Net Neutrality Community,Public Interest Community
Global Action Project,GAP,Non-Business,Pro,0,0,0,0,0,0,2,2,,,,,,,Pro-Net Neutrality Community,Public Interest Community
Greenlining Institute,,Non-Business,Pro,0,0,1,0,0,3,4,3,,,Pro-Net Neutrality Community,,,Open Community,Pro-Net Neutrality Community,Public Interest Community
Hearing Loss Association of America,HLAA,Non-Business,Pro,0,0,0,0,0,0,1,2,,,,,,,Deaf & Hard of Hearing community,Deaf & Hard of Hearing community
Highlander Research & Education Center,Highlander,Non-Business,Pro,0,0,0,0,0,0,1,1,,,,,,,Pro-Net Neutrality Community,Public Interest Community
Hollaback!,,Non-Business,Pro,0,0,0,0,0,0,1,2,,,,,,,Pro-Net Neutrality Community,Public Interest Community
Independent Filmmaker Project,IFP,Non-Business,Pro,0,0,0,0,0,1,2,0,,,,,,Open Community,Pro-Net Neutrality Community,
Independent Filmmaker Project Minnesota,IFP Minnesota,Non-Business,Pro,0,0,0,0,0,1,1,0,,,,,,Open Community,Pro-Net Neutrality Community,
Information Society Project at Yale Law School,ISP at YLS,Non-Business,Pro,0,0,0,0,2,2,0,0,,,,,Public Interest Community,,,
Institute for Local Self Reliance,ILSR,Non-Business,Pro,0,0,0,0,0,2,2,2,,,,,,Open Community,Pro-Net Neutrality Community,Public Interest Community
International Documentary Association,IDA,Non-Business,Pro,0,0,0,0,0,2,1,0,,,,,,Open Community,Pro-Net Neutrality Community,
Iraq Veterans Against the War,IVAW,Non-Business,Pro,0,0,0,0,0,0,1,1,,,,,,,Pro-Net Neutrality Community,Public Interest Community
League of American Orchestras,LAO,Non-Business,Pro,0,0,0,0,0,0,1,1,,,,,,,Pro-Net Neutrality Community,Public Interest Community
Main Street Project,,Non-Business,Pro,0,3,0,0,0,4,1,0,,Media Community,,,,Open Community,Pro-Net Neutrality Community,
Martinez Street Women's Center,MSWC,Non-Business,Pro,0,0,0,0,0,0,3,1,,,,,,,Pro-Net Neutrality Community,Public Interest Community
May First/People Link,MF/PL,Non-Business,Pro,0,0,0,0,0,0,2,2,,,,,,,Pro-Net Neutrality Community,Public Interest Community
Measurement Lab,M-Lab,Non-Business,Pro,0,1,1,0,0,0,1,1,,"Telecom, Tech & Public Interest Community",Pro-Net Neutrality Community,,,,,
Media Access Project,,Non-Business,Pro,5,26,0,0,8,12,0,0,Pro-Net Neutrality Community,"Telecom, Tech & Public Interest Community",,,Public Interest Community,Open Community,,
Media Action Center,MAC,Non-Business,Pro,0,0,0,0,0,0,1,2,,,,,,,Pro-Net Neutrality Community,Public Interest Community
Media Action Grassroots Network,MAG-Net,Non-Business,Pro,0,2,1,0,0,3,3,0,,Media Community,Pro-Net Neutrality Community,,,Open Community,Pro-Net Neutrality Community,
Media Alliance,MA,Non-Business,Pro,0,1,1,0,0,3,6,5,,Media Community,Pro-Net Neutrality Community,,,Open Community,Pro-Net Neutrality Community,Public Interest Community
Media Consortium,MC,Non-Business,Pro,0,0,0,0,0,1,2,1,,,,,,Open Community,Pro-Net Neutrality Community,Public Interest Community
Media Equity Collaborative,MEC,Non-Business,Pro,0,0,0,0,0,2,2,0,,,,,,Open Community,Pro-Net Neutrality Community,
Media Literacy Project,,Non-Business,Pro,0,2,0,0,0,4,6,0,,Media Community,,,,Open Community,Pro-Net Neutrality Community,
Media Mobilizing Project,,Non-Business,Pro,0,1,2,0,0,5,4,3,,Media Community,Pro-Net Neutrality Community,,,Open Community,Pro-Net Neutrality Community,Public Interest Community
Minnesota Center for Neighborhood Organizing,MN Center for Neighborhood Organizing,Non-Business,Pro,0,0,0,0,0,1,2,0,,,,,,Open Community,Pro-Net Neutrality Community,
MomsRising,,Non-Business,Pro,0,0,0,0,0,1,0,2,,,,,,Open Community,,Public Interest Community
Mother Jones,MoJo,Non-Business,Pro,0,0,0,0,0,1,1,0,,,,,,Open Community,Pro-Net Neutrality Community,
Movement Strategy Center,MSC,Non-Business,Pro,0,0,0,0,0,0,1,2,,,,,,,Pro-Net Neutrality Community,Public Interest Community
Mozilla,,Non-Business,Pro,0,0,11,0,0,2,4,1,,,Pro-Net Neutrality Community,,,Open Community,Pro-Net Neutrality Community,
National Alliance for Media Arts + Culture,,Non-Business,Pro,0,0,1,0,0,2,5,1,,,Pro-Net Neutrality Community,,,Open Community,Pro-Net Neutrality Community,Public Interest Community
National Association of Black Journalists,NABJ,Non-Business,Pro,0,1,0,0,0,1,1,0,,Media Community,,,,Open Community,Pro-Net Neutrality Community,
National Association of College & University Business Officers,NACUBO,Non-Business,Pro,0,0,0,0,0,1,0,2,,,,,,Higher Education Community,,Higher Education Community
National Association of Hispanic Journalists,NAHJ,Non-Business,Pro,0,3,0,0,0,7,4,0,,Media Community,,,,Open Community,Pro-Net Neutrality Community,
National Association of Independent Colleges & Universities,NAICU,Non-Business,Pro,0,0,0,0,0,0,2,3,,,,,,,Higher Education Community,Higher Education Community
National Association of Latino Independent Producers,NALIP,Non-Business,Pro,0,0,1,0,0,2,3,0,,,Pro-Net Neutrality Community,,,Open Community,Pro-Net Neutrality Community,
National Association of Regulatory Utility Commissioners,NARUC,Non-Business,Pro,0,1,6,1,0,1,1,1,,,,,,,,
National Association of State Utility Consumer Advocates,NASUCA,Non-Business,Pro,0,0,1,0,4,3,6,2,,,,,,,,
National Association of the Deaf,NAD,Non-Business,Pro,0,0,1,0,0,0,1,2,,,,,,,Deaf & Hard of Hearing community,Deaf & Hard of Hearing community
National Coalition Against Censorship,NCAC,Non-Business,Pro,0,0,0,0,0,0,1,1,,,,,,,Pro-Net Neutrality Community,Public Interest Community
National Consumer Law Center,NCLC,Non-Business,Pro,0,0,0,0,0,0,1,5,,,,,,,Pro-Net Neutrality Community,Public Interest Community
National Hispanic Media Coalition,NHMC,Non-Business,Pro,0,8,14,9,0,9,7,12,,Media Community,Pro-Net Neutrality Community,,,Open Community,Pro-Net Neutrality Community,Public Interest Community
National League of Cities,NLC,Non-Business,Pro,0,0,1,0,1,0,1,1,,,,,,,,
National Organization for Women,NOW,Non-Business,Pro,0,0,0,0,0,1,1,0,,,,,,Open Community,Pro-Net Neutrality Community,
Native Public Media,NPM,Non-Business,Pro,0,1,0,0,0,4,0,4,,Media Community,,,,Open Community,,Public Interest Community
Network of Ensemble Theaters,NET,Non-Business,Pro,0,0,0,0,0,0,1,1,,,,,,,Pro-Net Neutrality Community,Public Interest Community
New America Foundation,,Non-Business,Pro,2,18,25,3,4,15,9,8,Pro-Net Neutrality Community,"Telecom, Tech & Public Interest Community",Pro-Net Neutrality Community,,Public Interest Community,Open Community,Pro-Net Neutrality Community,Public Interest Community
New Media Rights,NMR,Non-Business,Pro,0,0,0,0,0,0,2,2,,,,,,,,Public Interest Community
New Music USA,,Non-Business,Pro,0,0,0,0,0,0,1,1,,,,,,,Pro-Net Neutrality Community,Public Interest Community
NTEN,,Non-Business,Pro,0,0,0,0,0,1,1,0,,,,,,Open Community,Pro-Net Neutrality Community,
Ohio Valley Environmental Coalition,OVEC,Non-Business,Pro,0,0,0,0,0,0,1,2,,,,,,,Pro-Net Neutrality Community,Public Interest Community
Open Access Connections,OAC,Non-Business,Pro,0,0,0,0,0,1,0,2,,,,,,Open Community,,Public Interest Community
OpenMedia,,Non-Business,Pro,0,0,0,0,0,0,2,2,,,,,,,Pro-Net Neutrality Community,Public Interest Community
Opera America,,Non-Business,Pro,0,0,0,0,0,0,1,1,,,,,,,Pro-Net Neutrality Community,Public Interest Community
Organizing Apprenticeship Project,OAP,Non-Business,Pro,0,0,0,0,0,0,2,2,,,,,,,Pro-Net Neutrality Community,Public Interest Community
Park Center for Independent Media,PCIM,Non-Business,Pro,0,0,0,0,0,1,2,0,,,,,,Open Community,Pro-Net Neutrality Community,
Participatory Culture Foundation,PCF,Non-Business,Pro,0,0,0,0,3,1,0,0,,,,,Public Interest Community,Open Community,,
Participatory Politics Foundation,PPF,Non-Business,Pro,0,0,0,0,0,0,2,1,,,,,,,Pro-Net Neutrality Community,Public Interest Community
People's Action,,Non-Business,Pro,0,0,0,0,0,0,1,2,,,,,,,Pro-Net Neutrality Community,Public Interest Community
People's Press Project,PPP,Non-Business,Pro,0,0,0,0,0,2,4,0,,,,,,Open Community,Pro-Net Neutrality Community,
Performing Arts Alliance,PAA,Non-Business,Pro,0,0,0,0,0,0,1,1,,,,,,,Pro-Net Neutrality Community,Public Interest Community
Philly Community Access Media,PhillyCAM,Non-Business,Pro,0,0,2,0,0,2,0,1,,,Pro-Net Neutrality Community,,,Open Community,,Public Interest Community
Popular Resistance,,Non-Business,Pro,0,0,0,0,0,0,1,3,,,,,,,Pro-Net Neutrality Community,Public Interest Community
Praxis Project,,Non-Business,Pro,0,0,0,0,0,1,1,0,,,,,,Open Community,Pro-Net Neutrality Community,
Presente,,Non-Business,Pro,0,1,1,0,0,7,6,2,,Media Community,Pro-Net Neutrality Community,,,Open Community,Pro-Net Neutrality Community,Public Interest Community
Progressive Technology Project,PTP,Non-Business,Pro,0,0,0,0,0,1,0,1,,,,,,Open Community,,Public Interest Community
Prometheus Radio Project,PRP,Non-Business,Pro,0,0,1,0,0,3,1,2,,,Pro-Net Neutrality Community,,,Open Community,Pro-Net Neutrality Community,Public Interest Community
Public Knowledge,,Non-Business,Pro,7,41,23,1,6,13,8,10,Pro-Net Neutrality Community,"Telecom, Tech & Public Interest Community",Pro-Net Neutrality Community,,Public Interest Community,Open Community,Pro-Net Neutrality Community,Public Interest Community
Race Forward,,Non-Business,Pro,0,0,0,0,0,0,1,2,,,,,,,Pro-Net Neutrality Community,Public Interest Community
Radio Bilingue,RB,Non-Business,Pro,0,0,0,0,0,0,2,1,,,,,,,Pro-Net Neutrality Community,Public Interest Community
Reporters Without Borders,RWB,Non-Business,Pro,0,0,0,0,0,1,1,0,,,,,,Open Community,Pro-Net Neutrality Community,
Rural Broadband Policy Group,RBPG,Non-Business,Pro,0,0,3,0,0,2,3,0,,,,,,Open Community,Pro-Net Neutrality Community,
SisterSong Women of Color Reproductive Justice Collective,SisterSong,Non-Business,Pro,0,0,0,0,0,1,1,0,,,,,,Open Community,Pro-Net Neutrality Community,
Telecommunications for the Deaf & Hard of Hearing,TDI,Non-Business,Pro,0,0,1,0,0,0,1,2,,,,,,,Deaf & Hard of Hearing community,Deaf & Hard of Hearing community
The UpTake,,Non-Business,Pro,0,0,0,0,0,1,2,0,,,,,,Open Community,Pro-Net Neutrality Community,
The Utility Reform Network,TURN,Non-Business,Pro,0,0,2,0,0,1,2,0,,,Pro-Net Neutrality Community,,,Open Community,Pro-Net Neutrality Community,
Theatre Communications Group,TCG,Non-Business,Pro,0,0,0,0,0,0,1,1,,,,,,,Pro-Net Neutrality Community,Public Interest Community
U.S. Public Interest Research Group,U.S. PIRG,Non-Business,Pro,0,0,0,0,2,3,1,2,,,,,Public Interest Community,Open Community,,Public Interest Community
United Church of Christ OC,UCC OC,Non-Business,Pro,0,0,2,0,0,2,3,6,,,Pro-Net Neutrality Community,,,Open Community,Pro-Net Neutrality Community,Public Interest Community
Urbana Champaign Independent Media Center,UCIMC,Non-Business,Pro,0,0,1,0,0,0,2,2,,,Pro-Net Neutrality Community,,,,Pro-Net Neutrality Community,Public Interest Community
Virginia Rural Health Association,VRHA,Non-Business,Pro,0,0,0,0,0,0,1,1,,,,,,,Pro-Net Neutrality Community,Public Interest Community
Voices for Internet Freedom,,Non-Business,Pro,0,0,0,0,0,0,3,2,,,,,,,Pro-Net Neutrality Community,Public Interest Community
WITNESS,,Non-Business,Pro,0,0,0,0,0,0,1,2,,,,,,,Pro-Net Neutrality Community,Public Interest Community
Women in Media & News,WIMN,Non-Business,Pro,0,0,0,0,0,1,2,0,,,,,,Open Community,Pro-Net Neutrality Community,
"Women, Action & Media!",WAM!,Non-Business,Pro,0,0,0,0,0,2,2,0,,,,,,Open Community,Pro-Net Neutrality Community,
Womens Institute for Freedom of the Press,WIFP,Non-Business,Pro,0,0,0,0,0,1,3,0,,,,,,Open Community,Pro-Net Neutrality Community,
Womens Media Center,WMC,Non-Business,Pro,0,0,0,0,0,1,3,0,,,,,,Open Community,Pro-Net Neutrality Community,
Working Narratives,WN,Non-Business,Pro,0,0,0,0,0,0,1,2,,,,,,,Pro-Net Neutrality Community,Public Interest Community
Writers Guild of America East,WGAE,Non-Business,Pro,0,0,0,0,0,2,5,2,,,,,,,Pro-Net Neutrality Community,
American Cable Association,ACA,Trade Organization,Anti,0,0,9,1,1,3,7,2,,,Cable Industry Community,,,,Telecommunications Industry Community,
CTIA - The Wireless Association,CTIA,Trade Organization,Anti,16,15,20,6,5,11,10,3,,"Telecom, Tech & Public Interest Community",Wireless & Mobile Industry Community,,,Open Community,Telecommunications Industry Community,Republican representatives community
Distributed Computing Industry Association,DCIA,Trade Organization,Anti,2,0,0,0,1,1,1,0,,,,,,,,
Fiber Broadband Association,FBA,Trade Organization,Anti,0,1,1,0,0,2,1,1,,"Telecom, Tech & Public Interest Community",,,,,,
GSM Association,GSMA,Trade Organization,Anti,0,0,0,0,0,3,3,0,,,,,,,,
Independent Telephone & Telecommunications Alliance,ITTA,Trade Organization,Anti,6,0,1,0,1,2,0,1,Mid-Size ISPs Community,,Cable Industry Community,,,Open Community,,
Information Technology Industry Council,ITI,Trade Organization,Anti,0,0,2,0,1,3,1,1,,,,,,,,
Latino Coalition,,Trade Organization,Anti,0,0,0,0,0,1,2,0,,,,,,,Minority Astroturf Community,
National Association of Manufacturers,NAM,Trade Organization,Anti,0,0,0,1,0,3,2,2,,,,,,,Telecommunications Industry Community,Conservative Astroturf Community
National Cable & Telecommunications Association,NCTA,Trade Organization,Anti,5,22,18,10,5,7,12,6,Cable Industry Community,"Telecom, Tech & Public Interest Community",Cable Industry Community,Big Cable ISPs Community,,Open Community,Telecommunications Industry Community,Republican representatives community
National Gay & Lesbian Chamber of Commerce,NGLCC,Trade Organization,Anti,0,0,0,0,0,5,1,1,,,,,,Minority Astroturf Community,,Minority Astroturf Community
Organization for the Promotion & Advancement of Small Telecommunications Companies,OPASTCO,Trade Organization,Anti,0,0,0,0,2,2,0,0,,,,,,,,
Recording Industry Association of America,RIAA,Trade Organization,Anti,5,8,0,0,2,2,0,0,,,,,,,,
Rural Cellular Association,RCA,Trade Organization,Anti,0,0,2,0,0,2,1,0,,,Wireless & Mobile Industry Community,,,,,
Telecommunications Industry Association,TIA,Trade Organization,Anti,4,2,0,1,4,6,6,3,Network Equipment Manufacturers Community,"Telecom, Tech & Public Interest Community",,,,Open Community,Telecommunications Industry Community,Conservative Astroturf Community
U.S. Black Chambers of Commerce,USBC,Trade Organization,Anti,0,0,0,0,0,0,2,1,,,,,,,Minority Astroturf Community,Minority Astroturf Community
U.S. Chamber of Commerce,USCC,Trade Organization,Anti,0,0,0,1,4,3,1,3,,,,,Conservative Astroturf Community,,,Conservative Astroturf Community
U.S. Hispanic Chamber of Commerce,USHCC,Trade Organization,Anti,0,0,0,0,1,5,1,2,,,,,,Minority Astroturf Community,,Minority Astroturf Community
U.S. Pan Asian American Chamber of Commerce,USPAACC,Trade Organization,Anti,0,0,0,0,0,1,1,1,,,,,,Minority Astroturf Community,,Minority Astroturf Community
United States Telecom Association,USTelecom,Trade Organization,Anti,0,6,6,1,4,7,8,7,,"Telecom, Tech & Public Interest Community",Cable Industry Community,,,Open Community,Telecommunications Industry Community,Republican representatives community
Wireless Communications Association International,WCAI,Trade Organization,Anti,0,0,0,0,2,1,0,0,,,,,,Open Community,,
Wireless Internet Service Providers Association,WISPA,Trade Organization,Anti,0,0,4,3,0,3,4,3,,,Wireless & Mobile Industry Community,,,,Telecommunications Industry Community,
Women Impacting Public Policy,WIPP,Trade Organization,Anti,0,0,0,0,2,2,0,0,,,,,,Minority Astroturf Community,,
Computing Technology Industry Association,CompTIA,Trade Organization,Neither,0,0,0,0,0,1,2,1,,,,,,,,
Consumer Electronics Association,CEA,Trade Organization,Neither,0,0,0,0,0,1,2,0,,,,,,Open Community,,
Entertainment Software Association,ESA,Trade Organization,Neither,0,1,1,0,0,2,1,2,,,Pro-Net Neutrality Community,,,,,
Motion Picture Association of America,MPAA,Trade Organization,Neither,0,13,2,0,2,4,2,1,,Media Community,Pro-Net Neutrality Community,,,,,
NTCA - The Rural Broadband Association,NTCA,Trade Organization,Neither,0,0,13,3,2,3,2,2,,,,,,,,
WTA - Advocates for Rural Broadband,WTA,Trade Organization,Neither,0,0,2,1,0,0,1,1,,,,,,,,
Ad Hoc Telecom Users Committee,Ad Hoc,Trade Organization,Pro,0,1,6,0,0,1,2,1,,Higher Education Community,Pro-Net Neutrality Community,,,,,
Association of Alternative Newsmedia,AAN,Trade Organization,Pro,0,0,0,0,0,0,1,1,,,,,,,Pro-Net Neutrality Community,Public Interest Community
Computer & Communications Industry Association,CCIA,Trade Organization,Pro,1,6,7,3,4,5,5,3,Pro-Net Neutrality Community,Media Community,Pro-Net Neutrality Community,,,Open Community,Pro-Net Neutrality Community,Public Interest Community
Independent Film & Television Alliance,IFTA,Trade Organization,Pro,0,1,0,2,1,2,2,1,,,,,,,Pro-Net Neutrality Community,
Internet Association,IA,Trade Organization,Pro,0,0,8,3,0,0,5,4,,,Pro-Net Neutrality Community,,,,Pro-Net Neutrality Community,Internet-Based Tech Companies Community
National Association of Realtors,NAR,Trade Organization,Pro,0,0,1,0,1,1,2,2,,,Pro-Net Neutrality Community,,,,Pro-Net Neutrality Community,
Software & Information Industry Association,SIIA,Trade Organization,Pro,0,0,0,0,0,1,0,1,,,,,,,,